file,centroid_y,centroid_x,gold_diameter_nm,gold_radius_px,capsid_diameter_nm,capsid_radius_px,is_reliable
VLP_100_06_14_0001.dm3,8.888535031847134,223.28662420382165,11.727781694025127,9.997464891746821,28.734543100662744,24.495048878307177,True
VLP_100_06_14_0001.dm3,26.16343490304709,523.9806094182826,12.574903186878167,10.71960208740737,28.669019591696912,24.43919270724597,True
VLP_100_06_14_0001.dm3,30.791907514450866,140.48265895953756,12.310880015073453,10.49453289192004,28.94560989403086,24.674974878940898,True
VLP_100_06_14_0001.dm3,41.392857142857146,966.2916666666666,12.131672781181184,10.341765891652821,27.67168941735474,23.589008617568947,True
VLP_100_06_14_0001.dm3,48.666666666666664,658.3362831858407,12.185711680177615,10.387831891992912,28.182756881090828,24.02467319244918,True
VLP_100_06_14_0001.dm3,59.46350364963504,861.5839416058394,10.955351859213872,9.338999347593866,28.763417969201587,24.519663549009817,True
VLP_100_06_14_0001.dm3,68.58558558558559,748.8798798798799,12.077392093779503,10.295493776366547,28.275310939184134,24.103571825670493,True
VLP_100_06_14_0001.dm3,77.45121951219512,565.5,13.40117805684198,11.423968370726268,28.24456405434322,24.07736133593361,True
VLP_100_06_14_0001.dm3,80.81120943952803,349.4985250737463,12.185711680177615,10.387831891992912,28.232738697281448,24.06728069194297,True
VLP_100_06_14_0001.dm3,80.44808743169399,498.90710382513663,12.661687537500676,10.793582275744573,27.64581545804197,23.56695210197302,True
VLP_100_06_14_0001.dm3,94.91691394658754,625.3738872403561,12.149712453273972,10.357143990692485,28.79470709720646,24.546336279359277,True
VLP_100_06_14_0001.dm3,94.84365781710915,220.1769911504425,12.185711680177615,10.387831891992912,28.12959454610401,23.97935442787286,True
VLP_100_06_14_0001.dm3,103.96142433234421,916.1810089020771,12.149712453273972,10.357143990692485,28.15691162141239,24.0026411421438,True
VLP_100_06_14_0001.dm3,119.51672862453532,870.9628252788104,10.854934049603413,9.25339718068125,27.745593066240662,23.652008522784218,True
VLP_100_06_14_0001.dm3,127.17027863777089,419.44582043343655,11.894667608260649,10.139728459745083,28.205843832624684,24.044353895368026,True
VLP_100_06_14_0001.dm3,132.58766233766235,981.4577922077922,11.615192383132591,9.901487006738307,28.340468800222997,24.15911629649648,True
VLP_100_06_14_0001.dm3,140.5705329153605,562.6677115987461,11.820786970445416,10.076748170547344,27.4279881700895,23.381263050063165,True
VLP_100_06_14_0001.dm3,160.62762762762762,491.15615615615616,12.077392093779503,10.295493776366547,27.723456948403964,23.63313836756768,True
VLP_100_06_14_0001.dm3,167.71761658031087,283.9637305699482,13.00303410166508,11.084566571000565,27.829088016203315,23.72318462860439,True
VLP_100_06_14_0001.dm3,167.20634920634922,777.6122448979592,13.898577206549552,11.847981254502882,27.718617666699746,23.629013073441183,True
VLP_100_06_14_0001.dm3,162.42372881355934,905.8915254237288,11.367423944699787,9.690274321412074,27.69199110946097,23.606314998210266,True
VLP_100_06_14_0001.dm3,170.8482972136223,629.7523219814242,11.894667608260649,10.139728459745083,28.64438935499213,24.41819641543599,True
VLP_100_06_14_0001.dm3,175.10153846153847,181.48307692307694,11.931436374811778,10.171072362820547,27.86819570774479,23.756522371698836,True
VLP_100_06_14_0001.dm3,209.64217252396165,410.2843450479233,11.709091990206698,9.981532666656284,27.646449039458318,23.56749220479308,True
VLP_100_06_14_0001.dm3,213.7460732984293,67.36649214659685,12.93548541565843,11.026984017500345,28.34723475902876,24.164884005802843,True
VLP_100_06_14_0001.dm3,214.25479452054793,237.9890410958904,12.644378318830535,10.778826859036359,27.932164131813956,23.811052895074596,True
VLP_100_06_14_0001.dm3,226.6993006993007,452.59090909090907,11.192679441949538,9.541311620975605,25.861562504154943,22.045947812340913,True
VLP_100_06_14_0001.dm3,231.98060941828254,765.5318559556787,12.574903186878167,10.71960208740737,27.78406279008443,23.684802423929156,True
VLP_100_06_14_0001.dm3,238.8221476510067,551.0469798657718,11.42507819760105,9.739422266375435,28.717122739775597,24.480198717303622,True
VLP_100_06_14_0001.dm3,246.29793510324484,361.1799410029499,12.185711680177615,10.387831891992912,27.414847654940743,23.370061286397487,True
VLP_100_06_14_0001.dm3,249.32298136645963,282.94099378881987,11.876240536609929,10.124020118074668,28.12181950161575,23.97272651337623,True
VLP_100_06_14_0001.dm3,272.74931129476585,98.99173553719008,12.609688601013714,10.749255261864239,28.500105782585283,24.295200439962798,True
VLP_100_06_14_0001.dm3,274.734693877551,151.1137026239067,12.257392955386972,10.448937312523231,28.378007788275802,24.191116782600417,True
VLP_100_06_14_0001.dm3,277.1375661375661,828.3597883597884,12.867582136064216,10.969099187147178,27.40328794170004,23.360207093141018,True
VLP_100_06_14_0001.dm3,275.32608695652175,418.1277173913044,12.696235180260187,10.823032759612019,27.858334448793176,23.74811604280141,True
VLP_100_06_14_0001.dm3,292.76666666666665,962.9205128205128,13.07023369184415,11.141851534268367,28.816947811251385,24.565295598660455,True
VLP_100_06_14_0001.dm3,302.3126684636119,785.0970350404313,12.747881095901436,10.86705883733894,27.845274227660855,23.736982726573725,True
VLP_100_06_14_0001.dm3,299.2997198879552,246.9439775910364,12.505042073060197,10.660048281673648,27.77951364495029,23.68092445962588,True
VLP_100_06_14_0001.dm3,314.1595238095238,669.0166666666667,13.563622509752527,11.562445770562215,27.354401125734082,23.318533037548907,True
VLP_100_06_14_0001.dm3,314.18015665796344,180.4177545691906,12.952405613101382,11.041407809169618,46.10106749761023,39.29931642692643,False
VLP_100_06_14_0001.dm3,314.4326923076923,914.3782051282051,11.690372406708622,9.965574970333758,27.433566886920694,23.38601868306487,True
VLP_100_06_14_0001.dm3,347.81907894736844,35.108552631578945,11.539522571875683,9.83698151873187,28.03146285732709,23.89570108754722,True
VLP_100_06_14_0001.dm3,347.33986928104576,1013.0326797385621,11.577419299740544,9.869286963719311,28.246242786374527,24.078792387856602,True
VLP_100_06_14_0001.dm3,350.2352941176471,112.63903743315508,12.799318619286183,10.910907269000948,27.421415530986575,23.37566013807248,True
VLP_100_06_14_0001.dm3,354.8351063829787,500.3031914893617,12.833495765892566,10.940041919714261,26.859322955501124,22.896498695956765,True
VLP_100_06_14_0001.dm3,354.2594752186589,711.7405247813412,12.257392955386972,10.448937312523231,26.7959148229444,22.842445798688903,True
VLP_100_06_14_0001.dm3,372.9791666666667,839.6279761904761,12.131672781181184,10.341765891652821,28.64479368246493,24.418541088437205,True
VLP_100_06_14_0001.dm3,382.08761329305133,585.6283987915408,12.041069027777855,10.264529815185629,26.7774304894923,22.826688643622752,True
VLP_100_06_14_0001.dm3,388.5561797752809,955.7162921348314,12.487515726573378,10.645107772184812,28.31390853159663,24.136474729656715,True
VLP_100_06_14_0001.dm3,383.54341736694676,171.28011204481794,12.505042073060197,10.660048281673648,28.221408237789667,24.057621928339437,True
VLP_100_06_14_0001.dm3,385.7173913043478,78.5570652173913,12.696235180260187,10.823032759612019,27.824237861792678,23.719050065930478,True
VLP_100_06_14_0001.dm3,393.67609254498717,359.5141388174807,13.053466226708894,11.127557940783529,28.217644772255678,24.0544137244754,True
VLP_100_06_14_0001.dm3,394.0623052959502,779.7071651090342,11.857784829209402,10.108287365572707,27.87901705123321,23.765747134269418,True
VLP_100_06_14_0001.dm3,399.9702380952381,417.30059523809524,12.131672781181184,10.341765891652821,28.197649107414648,24.037368219839415,True
VLP_100_06_14_0001.dm3,404.8791208791209,516.0879120879121,10.935342067424894,9.321941800299703,27.48585716730739,23.430594055968673,True
VLP_100_06_14_0001.dm3,427.4475308641975,572.1543209876543,11.913066177042474,10.155412503859614,26.63508553735117,22.705345264399266,True
VLP_100_06_14_0001.dm3,444.1658031088083,884.699481865285,13.00303410166508,11.084566571000565,28.76021997148264,24.516937383844642,True
VLP_100_06_14_0001.dm3,450.82142857142856,687.282967032967,12.627045372616804,10.764051215546116,28.637003902481442,24.411900612520178,True
VLP_100_06_14_0001.dm3,449.3125,742.0,11.839300352142454,10.092530088080641,27.558477213816147,23.492499741489592,True
VLP_100_06_14_0001.dm3,461.55652173913046,285.0608695652174,12.293076853170106,10.479356408358663,28.486539591133802,24.283635804272148,True
VLP_100_06_14_0001.dm3,465.56733524355303,832.054441260745,12.364135692732415,10.539931227391522,28.20132792999999,24.04050426897466,True
VLP_100_06_14_0001.dm3,475.8566666666667,971.0166666666667,11.46335327364883,9.772050238058398,28.20560632526819,24.044151429844703,True
VLP_100_06_14_0001.dm3,480.9526462395543,417.45961002785515,12.540021280053004,10.689866656791414,28.99016244495387,24.712954146914267,True
VLP_100_06_14_0001.dm3,482.5725806451613,211.8709677419355,12.765049967110564,10.881694613449236,29.096711971034704,24.803783356906138,True
VLP_100_06_14_0001.dm3,491.15064102564105,616.5673076923077,11.690372406708622,9.965574970333758,27.217282905112636,23.201645237925206,True
VLP_100_06_14_0001.dm3,505.1491712707182,911.0193370165746,12.592307905501157,10.734438914006276,28.977964283675355,24.70255570223756,True
VLP_100_06_14_0001.dm3,501.82880434782606,788.9782608695652,12.696235180260187,10.823032759612019,28.302395183258866,24.126660060625838,True
VLP_100_06_14_0001.dm3,512.7333333333333,678.9206349206349,11.746441660788134,10.013371767186818,27.980695132867215,23.852423632682925,True
VLP_100_06_14_0001.dm3,524.764857881137,728.7364341085271,13.019866515316247,11.098915530497878,27.836803707482403,23.72976194686378,True
VLP_100_06_14_0001.dm3,530.0183727034121,948.5669291338583,12.918543056828184,11.012541334134653,30.308923751729193,25.837145422728803,True
VLP_100_06_14_0001.dm3,540.105,440.32,13.236740196713859,11.283791670955125,29.84821223666128,25.444407280317648,True
VLP_100_06_14_0001.dm3,566.9170212765957,234.82340425531916,14.348284460745752,12.231338704589191,29.54455527673925,25.185551865443948,True
VLP_100_06_14_0001.dm3,561.7663230240549,575.5498281786942,11.29009363239212,9.624353322664494,28.896480647995816,24.633094161409844,True
VLP_100_06_14_0001.dm3,581.2816326530613,507.7795918367347,10.359387808124644,8.83096382707056,28.514402253826603,24.307387609969876,True
VLP_100_06_14_0001.dm3,582.7643504531723,632.9003021148036,12.041069027777855,10.264529815185629,28.78421649315364,24.53739345893104,True
VLP_100_06_14_0001.dm3,593.7960893854748,347.0,12.52254388998473,10.674967880691588,28.655756011313827,24.42788603538949,True
VLP_100_06_14_0001.dm3,611.7470930232558,850.9098837209302,12.27524787083171,10.464157913908982,27.765826772103036,23.66925694787147,True
VLP_100_06_14_0001.dm3,617.1487889273357,947.3944636678201,11.25122916720678,9.591222920311857,28.397359670151804,24.207613488004057,True
VLP_100_06_14_0001.dm3,628.6212121212121,267.92727272727274,12.022866343103168,10.249012754438885,28.05456728778885,23.91539669055311,True
VLP_100_06_14_0001.dm3,632.0060975609756,433.0853658536585,11.986378045470884,10.217907939900583,28.86694297835204,24.607914479271138,True
VLP_100_06_14_0001.dm3,645.2409638554217,729.1385542168674,12.059244236655108,10.280023453913834,27.248815930568693,23.228525881098168,True
VLP_100_06_14_0001.dm3,653.702786377709,680.3560371517028,11.894667608260649,10.139728459745083,26.445986312404024,22.54414573734559,True
VLP_100_06_14_0001.dm3,656.1413793103449,633.2275862068966,11.270678151761448,9.607802401865856,27.46815416870395,23.415502957614866,True
VLP_100_06_14_0001.dm3,662.6766304347826,59.12228260869565,12.696235180260187,10.823032759612019,27.528635457198348,23.46706083736619,True
VLP_100_06_14_0001.dm3,683.3762886597938,517.6984536082474,13.03667719567534,11.11324596323283,28.635409290781492,24.41054126981564,True
VLP_100_06_14_0001.dm3,689.611620795107,242.92660550458714,11.968092179681694,10.202319970580199,28.232485351300745,24.067064724625908,True
VLP_100_06_14_0001.dm3,686.2235294117647,332.0470588235294,12.203671471323924,10.403141895720198,27.834111147092084,23.727466646808455,True
VLP_100_06_14_0001.dm3,696.7023411371238,469.0033444816053,11.444231736944472,9.755749892701914,28.14074266471766,23.98885775316973,True
VLP_100_06_14_0001.dm3,703.2225913621262,377.63787375415285,11.482442967594642,9.788323438736636,25.016575805395387,21.32563044327311,True
VLP_100_06_14_0001.dm3,713.8605341246291,804.1513353115727,12.149712453273972,10.357143990692485,27.85991170288704,23.749460588840904,True
VLP_100_06_14_0001.dm3,714.23125,631.86875,11.839300352142454,10.092530088080641,27.28145688327506,23.256350987945215,True
VLP_100_06_14_0001.dm3,717.1755485893417,916.0438871473355,11.820786970445416,10.076748170547344,27.882562389954753,23.768769393748894,True
VLP_100_06_14_0001.dm3,717.2056338028169,1005.8281690140846,12.469964747096487,10.630146264057032,27.12424990579041,23.12233832645944,True
VLP_100_06_14_0001.dm3,732.9915254237288,569.5847457627119,12.452389030472863,10.61516366850092,28.369360923674368,24.183745676322015,True
VLP_100_06_14_0001.dm3,735.5854341736695,310.05322128851543,12.505042073060197,10.660048281673648,28.16105133273627,24.00617008049738,True
VLP_100_06_14_0001.dm3,741.2875399361022,211.96805111821087,11.709091990206698,9.981532666656284,28.651780517316528,24.424497085739652,True
VLP_100_06_14_0001.dm3,752.7875288683603,444.0762124711316,13.77193604928925,11.740024732409271,28.900852507491354,24.63682099679599,True
VLP_100_06_14_0001.dm3,761.1143911439115,889.7269372693727,10.895212236409902,9.287732724180174,27.694009964121243,23.6080359910727,True
VLP_100_06_14_0001.dm3,769.7226890756302,150.48459383753502,12.505042073060197,10.660048281673648,28.288538099546212,24.114847450915526,True
VLP_100_06_14_0001.dm3,780.5622009569378,668.7846889952153,13.531289632990973,11.534883286137944,28.821510857397595,24.56918541302061,True
VLP_100_06_14_0001.dm3,786.341726618705,399.8705035971223,11.035028195230579,9.40692023773423,28.078204549227166,23.93554651065822,True
VLP_100_06_14_0001.dm3,800.0438144329897,288.88659793814435,13.03667719567534,11.11324596323283,28.471726587888316,24.271008311388005,True
VLP_100_06_14_0001.dm3,798.5572755417957,8.037151702786378,11.894667608260649,10.139728459745083,28.65728902173667,24.429192865468778,True
VLP_100_06_14_0001.dm3,812.7650429799427,533.1318051575931,12.364135692732415,10.539931227391522,27.39136525765006,23.350043481785107,True
VLP_100_06_14_0001.dm3,812.8391959798995,984.9924623115578,13.203606877672629,11.255546841497692,29.437289333147667,25.09411193817422,True
VLP_100_06_14_0001.dm3,810.4849397590361,185.3343373493976,12.059244236655108,10.280023453913834,27.62675963981603,23.550707778991256,True
VLP_100_06_14_0001.dm3,812.0538461538462,821.1641025641026,13.07023369184415,11.141851534268367,28.42144379154898,24.228144238353845,True
VLP_100_06_14_0001.dm3,813.5395894428152,749.6099706744868,12.221604870375806,10.418429401242426,28.422316388290536,24.228888092180252,True
VLP_100_06_14_0001.dm3,825.468085106383,879.2792553191489,12.833495765892566,10.940041919714261,28.56347259693827,24.349218115114322,True
VLP_100_06_14_0001.dm3,837.6373626373627,383.33186813186813,14.117465904072667,12.034575115625177,29.245348578188903,24.930490120420462,True
VLP_100_06_14_0001.dm3,833.3249211356467,486.62776025236593,11.783672948002062,10.045109950630787,27.58962240470279,23.519049771201914,True
VLP_100_06_14_0001.dm3,834.5919540229885,95.94540229885058,12.346409324200758,10.524820207108489,28.356624849022467,24.17288868200604,True
VLP_100_06_14_0001.dm3,866.8473282442748,223.91857506361322,13.1204075181445,11.18462271470208,29.331636278519728,25.004046934245405,True
VLP_100_06_14_0001.dm3,873.2371794871794,1009.6495726495726,14.317723649774134,12.205286835384658,28.698746596769862,24.464533790266383,True
VLP_100_06_14_0001.dm3,872.9387755102041,143.54421768707482,11.348140768907735,9.673836185197393,28.06950874272818,23.928133683369378,True
VLP_100_06_14_0001.dm3,876.4771241830065,516.6078431372549,11.577419299740544,9.869286963719311,27.46975385205981,23.41686662370325,True
VLP_100_06_14_0001.dm3,878.1591591591591,45.06306306306306,12.077392093779503,10.295493776366547,28.08761650350647,23.943569825290517,True
VLP_100_06_14_0001.dm3,880.1532663316583,626.4547738693467,13.203606877672629,11.255546841497692,28.48174492356519,24.279548541912106,True
VLP_100_06_14_0001.dm3,918.1912751677852,864.4228187919463,11.42507819760105,9.739422266375435,28.613121908107104,24.391542167374155,True
VLP_100_06_14_0001.dm3,920.3442211055276,185.0854271356784,13.203606877672629,11.255546841497692,29.88789983886586,25.47823937406135,True
VLP_100_06_14_0001.dm3,924.1428571428571,365.4345238095238,12.131672781181184,10.341765891652821,27.915471811961247,23.796823359938017,True
VLP_100_06_14_0001.dm3,932.6953125,560.7447916666666,12.969303735894556,11.055812783082736,27.39244231146775,23.35096162709253,True
VLP_100_06_14_0001.dm3,933.6483870967742,271.6677419354839,11.652843024445058,9.933582672781009,28.59683545314509,24.377658615826064,True
VLP_100_06_14_0001.dm3,948.9905063291139,680.3639240506329,11.765072031988899,10.02925341359355,28.201809840368192,24.04091507829161,True
VLP_100_06_14_0001.dm3,953.8010610079575,773.6525198938992,12.850550252840176,10.954580187815921,28.192821299821954,24.033252706934135,True
VLP_100_06_14_0001.dm3,955.2722222222222,427.7861111111111,12.557474345256312,10.704744696916627,28.639069534055835,24.41366148083126,True
VLP_100_06_14_0001.dm3,965.6306818181819,329.38352272727275,12.417162965470995,10.585134856802455,28.302242716846205,24.126530089106286,True
VLP_100_06_14_0001.dm3,963.0794117647059,969.3352941176471,12.203671471323924,10.403141895720198,27.92743536420016,23.807021809790648,True
VLP_100_06_14_0001.dm3,994.9357798165138,233.56880733944953,11.968092179681694,10.202319970580199,28.638760942366364,24.41339841875679,True
VLP_100_06_14_0001.dm3,996.0890410958904,159.263698630137,11.309475781651834,9.640875829802336,27.861939802516464,23.751189462669828,True
VLP_100_06_14_0001.dm3,1003.4175084175084,380.04713804713805,11.405892494395632,9.72306722164286,27.195061174460072,23.182702101206857,True
VLP_100_06_14_0001.dm3,1016.0398671096345,645.6079734219269,11.482442967594642,9.788323438736636,26.498105140848764,22.588574954325363,True
VLP_100_06_14_0002.dm3,11.210227272727273,197.9971590909091,12.417162965470995,10.585134856802455,29.55647019297321,25.195708855047346,True
VLP_100_06_14_0002.dm3,11.121019108280255,121.71974522292993,11.727781694025127,9.997464891746821,28.668587239583303,24.438824144359188,True
VLP_100_06_14_0002.dm3,12.945679012345678,51.839506172839506,13.31921289616026,11.354096349090721,29.338635248456168,25.010013276222388,True
VLP_100_06_14_0002.dm3,11.480968858131488,413.24567474048445,11.25122916720678,9.591222920311857,28.449517691653416,24.252076115497456,True
VLP_100_06_14_0002.dm3,20.124105011933175,822.2482100238664,13.547465717228341,11.54867275105708,28.70446212191408,24.469406046883876,True
VLP_100_06_14_0002.dm3,25.43705463182898,486.8764845605701,13.579760079421645,11.576202403352141,29.049366774006568,24.76342346980807,True
VLP_100_06_14_0002.dm3,42.97115384615385,248.24679487179486,11.690372406708622,9.965574970333758,28.370836328949636,24.185003400316667,True
VLP_100_06_14_0002.dm3,52.50579150579151,354.42471042471044,10.651258655452747,9.079772052293041,28.18310261149595,24.02496791379354,True
VLP_100_06_14_0002.dm3,64.39322033898306,847.3254237288136,11.367423944699787,9.690274321412074,28.81386364974162,24.562666474311214,True
VLP_100_06_14_0002.dm3,69.60763888888889,777.3472222222222,11.231746504681109,9.574614729634384,28.262502646009228,24.092653267951725,True
VLP_100_06_14_0002.dm3,72.35158501440922,87.0806916426513,12.328657468399514,10.509687459947386,27.711680707893443,23.623099593472773,True
VLP_100_06_14_0002.dm3,89.67584097859327,683.651376146789,11.968092179681694,10.202319970580199,27.968687573549197,23.842187668555233,True
VLP_100_06_14_0002.dm3,110.53021978021978,999.4038461538462,12.627045372616804,10.764051215546116,29.02489826273533,24.742565042462672,True
VLP_100_06_14_0002.dm3,118.59517426273459,489.01876675603216,12.782195777346619,10.896310731002211,27.84138378709275,23.733666281570926,True
VLP_100_06_14_0002.dm3,121.64896755162242,88.72566371681415,12.185711680177615,10.387831891992912,27.972730306922596,23.845633937084244,True
VLP_100_06_14_0002.dm3,127.21910112359551,713.5786516853933,12.487515726573378,10.645107772184812,28.186020737589814,24.0274554995906,True
VLP_100_06_14_0002.dm3,156.52097130242825,520.1743929359824,14.08640433529713,12.008096370418468,28.471846265091433,24.271110331417685,True
VLP_100_06_14_0002.dm3,148.72519083969465,880.2900763358779,10.712767878943417,9.13220620552083,26.774045316398308,22.823802918935627,True
VLP_100_06_14_0002.dm3,150.77397260273972,770.8972602739726,11.309475781651834,9.640875829802336,28.649075660833912,24.422191303757376,True
VLP_100_06_14_0002.dm3,160.36873156342182,382.8259587020649,12.185711680177615,10.387831891992912,28.337154874887652,24.156291307674355,True
VLP_100_06_14_0002.dm3,159.47191011235955,827.4681647940075,10.814505849370235,9.218933756735217,27.439808623587474,23.391339513961768,True
VLP_100_06_14_0002.dm3,166.33738601823708,316.5623100303951,12.004636057646007,10.233472165128859,26.278866747627855,22.40168299160528,False
VLP_100_06_14_0002.dm3,169.95394736842104,269.44736842105266,11.539522571875683,9.83698151873187,28.234351431058514,24.068655482993538,True
VLP_100_06_14_0002.dm3,175.4156626506024,588.75,12.059244236655108,10.280023453913834,29.04537201804285,24.76001810010216,True
VLP_100_06_14_0002.dm3,184.59177215189874,902.7816455696203,11.765072031988899,10.02925341359355,26.180660920062476,22.317966450927344,False
VLP_100_06_14_0002.dm3,197.92391304347825,996.7282608695652,10.995262198527024,9.373021315815206,28.151454921312023,23.997989523525593,True
VLP_100_06_14_0002.dm3,201.79944289693594,696.7130919220056,12.540021280053004,10.689866656791414,29.12258968919931,24.825843076772934,True
VLP_100_06_14_0002.dm3,219.1064425770308,946.9467787114846,12.505042073060197,10.660048281673648,29.69754849331206,25.3159724642637,True
VLP_100_06_14_0002.dm3,225.03977272727272,180.0284090909091,12.417162965470995,10.585134856802455,28.199062859035557,24.038573386559296,True
VLP_100_06_14_0002.dm3,229.70408163265307,572.843537414966,11.348140768907735,9.673836185197393,28.114810792762825,23.966751869362408,True
VLP_100_06_14_0002.dm3,234.39495798319328,847.266106442577,12.505042073060197,10.660048281673648,28.56093388554297,24.34705396517472,True
VLP_100_06_14_0002.dm3,253.2090395480226,626.7005649717514,12.452389030472863,10.61516366850092,27.630084026864903,23.553541686005797,True
VLP_100_06_14_0002.dm3,269.89966555183946,96.85953177257525,11.444231736944472,9.755749892701914,26.56423268873994,22.644946044414475,True
VLP_100_06_14_0002.dm3,276.9820895522388,246.62089552238805,12.113606244304961,10.32636489145962,28.727084592901747,24.488690798712007,True
VLP_100_06_14_0002.dm3,276.8664259927798,804.4765342960288,11.015163141867014,9.389986074159536,28.303126467510037,24.12728345120538,True
VLP_100_06_14_0002.dm3,284.45341614906835,315.3229813664596,11.876240536609929,10.124020118074668,28.07722984237742,23.934715612048038,True
VLP_100_06_14_0002.dm3,293.6040100250627,906.7619047619048,13.220183917317952,11.269678104867614,28.53280788840577,24.323077677394075,True
VLP_100_06_14_0002.dm3,287.4035714285714,696.8392857142857,11.074651404207282,9.440697438826296,28.942233364799506,24.672096522801,True
VLP_100_06_14_0002.dm3,296.5868725868726,1016.3204633204633,10.651258655452747,9.079772052293041,27.232067904648265,23.214248858766585,True
VLP_100_06_14_0002.dm3,298.3407643312102,752.28025477707,11.727781694025127,9.997464891746821,29.007750920367563,24.727947618828683,True
VLP_100_06_14_0002.dm3,320.04398826979474,963.1348973607038,12.221604870375806,10.418429401242426,28.0567547114004,23.917261381705316,True
VLP_100_06_14_0002.dm3,327.7781350482315,344.61414790996787,11.671622799762941,9.949591680222808,27.893684286644824,23.778250365904544,True
VLP_100_06_14_0002.dm3,333.9631901840491,286.9815950920245,11.949778332411439,10.186708148166206,27.782543519249188,23.683507306298843,True
VLP_100_06_14_0002.dm3,362.2870662460568,899.1356466876972,11.783672948002062,10.045109950630787,28.31812237651144,24.140066863931906,True
VLP_100_06_14_0002.dm3,364.4751773049645,1007.0780141843971,11.114133352622993,9.474354220939228,27.670977401386086,23.5884016524297,True
VLP_100_06_14_0002.dm3,375.0694006309148,793.3911671924291,11.783672948002062,10.045109950630787,29.04930696519154,24.763372485185055,True
VLP_100_06_14_0002.dm3,380.1463414634146,456.5731707317073,14.680255037751204,12.514330345744634,30.955506761513433,26.38833158125111,False
VLP_100_06_14_0002.dm3,380.4905213270142,15.445497630331754,13.595878494685145,11.589942707777277,28.64917253779589,24.422273887493283,True
VLP_100_06_14_0002.dm3,385.4377990430622,77.11961722488039,13.531289632990973,11.534883286137944,30.61513739188595,26.098180305259127,False
VLP_100_06_14_0002.dm3,385.3529411764706,192.31699346405227,11.577419299740544,9.869286963719311,28.45301600709598,24.255058289512096,True
VLP_100_06_14_0002.dm3,392.9502617801047,511.5418848167539,12.93548541565843,11.026984017500345,28.51837467760969,24.310773942384877,True
VLP_100_06_14_0002.dm3,418.6020761245675,713.9550173010381,11.25122916720678,9.591222920311857,26.547656339773003,22.630815369820258,True
VLP_100_06_14_0002.dm3,432.0113314447592,796.4022662889519,12.434788471809751,10.600159896099592,27.65855791574924,23.577814537588434,True
VLP_100_06_14_0002.dm3,441.77272727272725,137.08041958041957,11.192679441949538,9.541311620975605,28.331874759688723,24.151790220622864,True
VLP_100_06_14_0002.dm3,453.13227513227514,583.7195767195767,12.867582136064216,10.969099187147178,29.407170145364077,25.06843653507665,True
VLP_100_06_14_0002.dm3,461.6066666666667,40.053333333333335,11.46335327364883,9.772050238058398,28.516074430409738,24.308813073635456,True
VLP_100_06_14_0002.dm3,464.99093655589127,199.00906344410876,12.041069027777855,10.264529815185629,28.843688645707918,24.58809109064948,True
VLP_100_06_14_0002.dm3,488.16023738872406,709.7685459940653,12.149712453273972,10.357143990692485,28.436936989739493,24.24135157022714,True
VLP_100_06_14_0002.dm3,492.85625,955.421875,11.839300352142454,10.092530088080641,27.231426904267224,23.21370243157581,True
VLP_100_06_14_0002.dm3,504.9171779141104,463.6134969325153,11.949778332411439,10.186708148166206,28.827260883251007,24.57408708011298,True
VLP_100_06_14_0002.dm3,500.17241379310343,106.84482758620689,12.346409324200758,10.524820207108489,28.76888308423527,24.52432234102216,True
VLP_100_06_14_0002.dm3,501.3205574912892,305.0313588850174,11.212229988625282,9.557977680176279,28.843152281917753,24.58763386196794,True
VLP_100_06_14_0002.dm3,510.95367847411444,625.4768392370572,12.67897312580511,10.808317548511017,27.42439943408991,23.378203796139644,True
VLP_100_06_14_0002.dm3,519.2101449275362,510.77536231884056,13.466390987251781,11.479559785988718,28.430674778320522,24.236013285422796,True
VLP_100_06_14_0002.dm3,520.4254658385094,182.96583850931677,11.876240536609929,10.124020118074668,29.3455202341388,25.015882451181312,True
VLP_100_06_14_0002.dm3,526.5710227272727,358.4005681818182,12.417162965470995,10.585134856802455,28.17284164519896,24.016220850368764,True
VLP_100_06_14_0002.dm3,539.405572755418,22.39938080495356,11.894667608260649,10.139728459745083,28.176944656396717,24.019718503332488,True
VLP_100_06_14_0002.dm3,540.1863799283154,848.5627240143369,11.054857552095463,9.423823971471327,27.34287581003495,23.308708166821045,True
VLP_100_06_14_0002.dm3,567.756183745583,796.5865724381625,11.133821823950438,9.491137855389772,27.89233501816418,23.77710016848301,True
VLP_100_06_14_0002.dm3,587.8658146964856,392.91373801916933,11.709091990206698,9.981532666656284,27.894867034085173,23.779258610798525,True
VLP_100_06_14_0002.dm3,596.4026666666666,525.832,12.816418584986767,10.925484305920792,28.754771321741476,24.512292627835713,True
VLP_100_06_14_0002.dm3,594.8888888888889,863.1333333333333,13.31921289616026,11.354096349090721,27.76770291495499,23.670856284624463,True
VLP_100_06_14_0002.dm3,605.4888888888889,218.26666666666668,11.746441660788134,10.013371767186818,28.379342822195785,24.192254845628238,True
VLP_100_06_14_0002.dm3,604.5574324324324,603.5,11.386674464747042,9.706684619910241,28.023672501473705,23.88906012072413,True
VLP_100_06_14_0002.dm3,607.8603988603988,37.712250712250714,12.39951240506965,10.57008845991889,28.45796859463739,24.259280172333618,True
VLP_100_06_14_0002.dm3,608.3657817109145,461.78761061946904,12.185711680177615,10.387831891992912,30.282094018315146,25.814274147933627,False
VLP_100_06_14_0002.dm3,635.9946524064171,889.2433155080214,12.799318619286183,10.910907269000948,27.30447576548744,23.27597366448964,True
VLP_100_06_14_0002.dm3,641.7325842696629,178.91460674157304,13.961467017357876,11.901592303208293,27.267677696315374,23.24460478210166,True
VLP_100_06_14_0002.dm3,652.7903682719547,418.5637393767705,12.434788471809751,10.600159896099592,28.442075964810048,24.245732340963485,True
VLP_100_06_14_0002.dm3,654.5283018867924,346.89150943396226,13.62805813377014,11.617374563210365,29.371635218665663,25.03814443113348,True
VLP_100_06_14_0002.dm3,658.5446685878962,101.79538904899135,12.328657468399514,10.509687459947386,28.369841738907752,24.18415555208033,True
VLP_100_06_14_0002.dm3,664.5221843003413,678.6348122866895,11.328824770617542,9.657370069115643,28.922849286409654,24.65557237115686,True
VLP_100_06_14_0002.dm3,691.7259615384615,197.53125,13.498879311880392,11.507254783503184,27.423815026329542,23.377705611894818,True
VLP_100_06_14_0002.dm3,719.0910973084887,791.3664596273292,14.545364688625904,12.399341717477219,27.945087363100722,23.822069432937266,True
VLP_100_06_14_0002.dm3,720.476404494382,595.4966292134832,13.961467017357876,11.901592303208293,28.57607800373915,24.359963720312802,True
VLP_100_06_14_0002.dm3,733.4942965779468,322.9771863117871,10.733192621755656,9.149617481968136,27.75373238382463,23.6589469655274,True
VLP_100_06_14_0002.dm3,742.2338461538461,372.67692307692306,11.931436374811778,10.171072362820547,27.97174474693229,23.844793786605763,True
VLP_100_06_14_0002.dm3,761.1852791878173,1012.6878172588832,13.137089543341439,11.198843474056307,27.530831751543037,23.46893309046365,True
VLP_100_06_14_0002.dm3,769.1715686274509,425.02941176470586,13.368452298452745,11.396070970426017,27.424275532928256,23.378098175354232,True
VLP_100_06_14_0002.dm3,770.5869565217391,58.528985507246375,13.466390987251781,11.479559785988718,27.39526808206363,23.353370483520923,True
VLP_100_06_14_0002.dm3,769.9459459459459,691.1389961389962,10.651258655452747,9.079772052293041,26.353402190254034,22.465221475718238,False
VLP_100_06_14_0002.dm3,776.4069400630915,923.3880126182966,11.783672948002062,10.045109950630787,29.024124666857368,24.741905582913365,True
VLP_100_06_14_0002.dm3,787.1770833333334,316.8541666666667,12.969303735894556,11.055812783082736,27.864104916706818,23.753035135932635,True
VLP_100_06_14_0002.dm3,789.1231231231232,614.3723723723724,12.077392093779503,10.295493776366547,27.54944762050673,23.484802374293235,True
VLP_100_06_14_0002.dm3,802.0061349693251,809.7269938650306,11.949778332411439,10.186708148166206,28.626997222146848,24.403370317709268,True
VLP_100_06_14_0002.dm3,807.1047904191616,543.1167664670659,12.095512722265058,10.31094088749354,28.64055485138404,24.414927654454644,True
VLP_100_06_14_0002.dm3,841.4484536082474,876.0309278350516,13.03667719567534,11.11324596323283,29.227841874873146,24.915566355949412,True
VLP_100_06_14_0002.dm3,841.198606271777,657.794425087108,11.212229988625282,9.557977680176279,28.007082149132128,23.874917508813038,True
VLP_100_06_14_0002.dm3,842.853125,406.575,11.839300352142454,10.092530088080641,27.44419188017872,23.39507606491623,True
VLP_100_06_14_0002.dm3,849.4612794612794,520.7373737373738,11.405892494395632,9.72306722164286,27.162317879782364,23.154789751921975,True
VLP_100_06_14_0002.dm3,849.7587412587412,756.2727272727273,11.192679441949538,9.541311620975605,28.151071469335,23.9976626460497,True
VLP_100_06_14_0002.dm3,860.9123711340206,109.14690721649484,13.03667719567534,11.11324596323283,29.13633416244417,24.837559690562827,True
VLP_100_06_14_0002.dm3,863.7449275362319,18.556521739130435,12.293076853170106,10.479356408358663,28.05844685549503,23.91870386687593,True
VLP_100_06_14_0002.dm3,866.1812297734627,1001.915857605178,11.63403293466069,9.91754782346883,28.37120214077734,24.185315240270704,True
VLP_100_06_14_0002.dm3,887.8960573476703,932.5232974910394,11.054857552095463,9.423823971471327,28.060233785876555,23.920227153565552,True
VLP_100_06_14_0002.dm3,892.394495412844,225.217125382263,11.968092179681694,10.202319970580199,26.803501376383537,22.848913032104047,True
VLP_100_06_14_0002.dm3,907.0649819494585,404.79783393501805,11.015163141867014,9.389986074159536,27.051247320133314,23.06010654161258,True
VLP_100_06_14_0002.dm3,913.930412371134,751.0128865979382,13.03667719567534,11.11324596323283,29.11531899961113,24.81964510465911,True
VLP_100_06_14_0002.dm3,916.8308270676691,1009.5225563909775,10.794234967725819,9.201653640780462,26.475170987761572,22.56902450597178,True
VLP_100_06_14_0002.dm3,931.2445255474453,34.47445255474452,10.955351859213872,9.338999347593866,28.089670721553087,23.945320964025605,True
VLP_100_06_14_0002.dm3,933.4118895966029,539.8492569002124,14.363540482557434,12.244343853084386,30.32288105639701,25.849043466795482,False
VLP_100_06_14_0002.dm3,936.7802816901409,921.4281690140845,12.469964747096487,10.630146264057032,27.406100934141648,23.362605056703902,True
VLP_100_06_14_0002.dm3,932.5957446808511,833.1823708206687,12.004636057646007,10.233472165128859,28.156122959939506,24.001968839777305,True
VLP_100_06_14_0002.dm3,946.8340336134454,142.51680672268907,14.439578814217802,12.309163489997376,28.79667666719638,24.54801525901117,True
VLP_100_06_14_0002.dm3,953.9134615384615,645.4615384615385,11.690372406708622,9.965574970333758,27.75511556199041,23.66012606959944,True
VLP_100_06_14_0002.dm3,979.3402985074626,889.0626865671642,12.113606244304961,10.32636489145962,28.077054439072192,23.934566087744834,True
VLP_100_06_14_0002.dm3,982.8524590163935,792.7081967213114,11.558486467285265,9.853147481188747,26.47703140237367,22.570610435029277,True
VLP_100_06_14_0002.dm3,997.9443099273608,82.94188861985472,13.450117397032182,11.465687201119065,27.831757156189948,23.725459963702168,True
VLP_100_06_14_0002.dm3,1003.2472727272727,563.8181818181819,10.97532516997875,9.356025796273888,25.655954879685204,21.870675534876973,False
VLP_100_06_14_0002.dm3,1011.0883054892602,422.1837708830549,13.547465717228341,11.54867275105708,28.805323879623177,24.55538666179678,True
VLP_100_06_14_0003.dm3,7.598455598455598,213.62548262548262,10.651258655452747,9.079772052293041,26.30046204836073,22.420092121868475,True
VLP_100_06_14_0003.dm3,16.046439628482972,74.08049535603715,11.894667608260649,10.139728459745083,29.63914554118027,25.266186283147334,True
VLP_100_06_14_0003.dm3,23.39946380697051,703.9812332439678,12.782195777346619,10.896310731002211,28.066347815018087,23.925439118904293,True
VLP_100_06_14_0003.dm3,28.278996865203762,588.2978056426332,11.820786970445416,10.076748170547344,27.899432473012656,23.78315046490902,True
VLP_100_06_14_0003.dm3,46.63323782234957,155.487106017192,12.364135692732415,10.539931227391522,27.22471339887981,23.207979436710943,True
VLP_100_06_14_0003.dm3,47.551515151515154,407.56060606060606,12.022866343103168,10.249012754438885,29.630337206633083,25.25867753019748,True
VLP_100_06_14_0003.dm3,54.54915254237288,919.7322033898305,11.367423944699787,9.690274321412074,27.39682947565165,23.35470150911346,True
VLP_100_06_14_0003.dm3,59.24444444444445,543.2952380952381,11.746441660788134,10.013371767186818,27.80718116958242,23.7045099179306,True
VLP_100_06_14_0003.dm3,60.44307692307692,313.55384615384617,11.931436374811778,10.171072362820547,28.684137289039132,24.452079939662642,True
VLP_100_06_14_0003.dm3,70.7915309446254,791.0162866449512,11.596321221387115,9.885400096021595,27.046254865172763,23.055850673410568,True
VLP_100_06_14_0003.dm3,72.39837398373983,1000.3861788617886,10.380507886741853,8.848967849484623,28.619991074324506,24.397397856871603,True
VLP_100_06_14_0003.dm3,86.77142857142857,238.71142857142857,12.381836683460492,10.55502061411188,27.716936133247714,23.627579633419053,True
VLP_100_06_14_0003.dm3,85.92469879518072,880.8674698795181,12.059244236655108,10.280023453913834,27.880533645189995,23.767039969967897,True
VLP_100_06_14_0003.dm3,92.81437125748504,160.58982035928145,12.095512722265058,10.31094088749354,27.677573127326838,23.594024245026375,True
VLP_100_06_14_0003.dm3,96.61307901907357,583.4414168937329,12.67897312580511,10.808317548511017,28.84643219512985,24.59042985681517,True
VLP_100_06_14_0003.dm3,104.70076726342711,829.2378516624041,13.086979673973907,11.156126814350138,27.3462997983974,23.31162697997228,True
VLP_100_06_14_0003.dm3,108.18895348837209,67.2296511627907,12.27524787083171,10.464157913908982,27.40939789340405,23.36541558262733,True
VLP_100_06_14_0003.dm3,117.49875930521092,437.46898263027293,13.28628524901017,11.32602684669552,30.486406330689597,25.988442223636795,False
VLP_100_06_14_0003.dm3,145.37102473498234,535.3604240282685,11.133821823950438,9.491137855389772,27.110576749083105,23.11068250716582,True
VLP_100_06_14_0003.dm3,156.41666666666666,385.3560606060606,10.753578571029195,9.166995688475081,28.97751838888433,24.702175594759865,True
VLP_100_06_14_0003.dm3,163.43214285714285,836.0392857142857,11.074651404207282,9.440697438826296,28.451313074724936,24.25360660776727,True
VLP_100_06_14_0003.dm3,162.96703296703296,916.9413919413919,10.935342067424894,9.321941800299703,28.619594050595133,24.397059410019576,True
VLP_100_06_14_0003.dm3,165.04089219330854,103.91078066914498,10.854934049603413,9.25339718068125,27.509079702529903,23.45039033856001,True
VLP_100_06_14_0003.dm3,175.02903225806452,287.59354838709675,11.652843024445058,9.933582672781009,28.002265576145483,23.870811572960136,True
VLP_100_06_14_0003.dm3,182.14285714285714,631.0498338870432,11.482442967594642,9.788323438736636,28.18932417532967,24.030271548156982,True
VLP_100_06_14_0003.dm3,182.83464566929135,467.12204724409446,10.547946236467828,8.991702346646203,29.028771884170155,24.745867149826957,True
VLP_100_06_14_0003.dm3,199.18627450980392,140.9640522875817,11.577419299740544,9.869286963719311,27.82061187297371,23.715959055468204,True
VLP_100_06_14_0003.dm3,208.3646408839779,986.8867403314918,12.592307905501157,10.734438914006276,27.769941229775938,23.672764358497503,True
VLP_100_06_14_0003.dm3,226.52733118971062,355.5369774919614,11.671622799762941,9.949591680222808,27.756198629185036,23.66104934107022,True
VLP_100_06_14_0003.dm3,226.16349809885932,568.8136882129278,10.733192621755656,9.149617481968136,28.731007534815188,24.492034949811952,True
VLP_100_06_14_0003.dm3,233.51791530944627,241.2671009771987,11.596321221387115,9.885400096021595,27.05102373304692,23.05991594256284,True
VLP_100_06_14_0003.dm3,233.45079365079366,400.65396825396823,11.746441660788134,10.013371767186818,28.339956629391022,24.158679691344304,True
VLP_100_06_14_0003.dm3,251.60660660660662,519.2762762762762,12.077392093779503,10.295493776366547,28.44398682314058,24.247361271273668,True
VLP_100_06_14_0003.dm3,263.6788321167883,823.8430656934306,10.955351859213872,9.338999347593866,27.550982231850785,23.48611056909383,True
VLP_100_06_14_0003.dm3,271.6181229773463,892.9870550161812,11.63403293466069,9.91754782346883,28.431715441556175,24.23690040921432,True
VLP_100_06_14_0003.dm3,273.16959064327483,441.6374269005848,12.239511993342786,10.433694507453072,27.591003315416287,23.52022694236156,True
VLP_100_06_14_0003.dm3,304.92615384615385,545.7784615384616,11.931436374811778,10.171072362820547,28.951261338074634,24.67979250898291,True
VLP_100_06_14_0003.dm3,308.2439024390244,321.58188153310107,11.212229988625282,9.557977680176279,28.240557515823948,24.073945922070283,True
VLP_100_06_14_0003.dm3,314.56,857.5384615384615,11.931436374811778,10.171072362820547,27.0214141937321,23.034674994403687,True
VLP_100_06_14_0003.dm3,323.25678496868477,372.5657620041754,14.48501021797266,12.347891944863939,30.876922941407777,26.32134201723442,False
VLP_100_06_14_0003.dm3,322.2142857142857,609.6989795918367,13.103704255461293,11.170383851240114,28.835180752541845,24.580838451962162,True
VLP_100_06_14_0003.dm3,326.54782608695655,32.12173913043478,10.037255219695162,8.556358677747903,26.61298112855366,22.686502139870566,True
VLP_100_06_14_0003.dm3,328.2459546925566,790.5080906148868,11.63403293466069,9.91754782346883,28.219898280250955,24.05633474992197,True
VLP_100_06_14_0003.dm3,333.4895833333333,712.5277777777778,11.231746504681109,9.574614729634384,27.826345988817017,23.720847159913212,True
VLP_100_06_14_0003.dm3,362.36858006042297,171.7311178247734,12.041069027777855,10.264529815185629,28.47148014892953,24.27079823203091,True
VLP_100_06_14_0003.dm3,369.3910034602076,543.757785467128,11.25122916720678,9.591222920311857,30.848679587566398,26.297265687556642,False
VLP_100_06_14_0003.dm3,373.796568627451,255.02205882352942,13.368452298452745,11.396070970426017,30.36903102286973,25.888384467643185,False
VLP_100_06_14_0003.dm3,378.4926315789474,419.73052631578946,14.424403214844602,12.296226898414837,28.000580160984192,23.8693748239361,True
VLP_100_06_14_0003.dm3,382.9197324414716,787.3846153846154,11.444231736944472,9.755749892701914,27.274585405509583,23.250493327945474,True
VLP_100_06_14_0003.dm3,387.1493902439024,611.2408536585366,11.986378045470884,10.217907939900583,27.3121148707464,23.282485696229603,True
VLP_100_06_14_0003.dm3,388.15625,676.2048611111111,11.231746504681109,9.574614729634384,27.99029474093327,23.860606914664018,True
VLP_100_06_14_0003.dm3,412.0315186246418,315.64469914040114,12.364135692732415,10.539931227391522,28.475960219915457,24.274617313385157,True
VLP_100_06_14_0003.dm3,414.7439024390244,752.1646341463414,11.986378045470884,10.217907939900583,27.890212615162834,23.775290904800784,True
VLP_100_06_14_0003.dm3,414.2432432432432,887.8682432432432,11.386674464747042,9.706684619910241,28.47564463175306,24.27434828709731,True
VLP_100_06_14_0003.dm3,425.68111455108357,571.5386996904025,11.894667608260649,10.139728459745083,28.474087382601915,24.273020794471474,True
VLP_100_06_14_0003.dm3,426.67755102040815,149.25306122448978,10.359387808124644,8.83096382707056,28.501335408265504,24.296248646681573,True
VLP_100_06_14_0003.dm3,430.25069637883007,383.5376044568245,12.540021280053004,10.689866656791414,27.428434790043116,23.381643775712973,True
VLP_100_06_14_0003.dm3,435.8411458333333,37.411458333333336,12.969303735894556,11.055812783082736,27.970308629251296,23.84356955371409,True
VLP_100_06_14_0003.dm3,452.180790960452,839.7570621468926,12.452389030472863,10.61516366850092,27.664878374057174,23.583202475536282,True
VLP_100_06_14_0003.dm3,471.48458149779736,973.3083700440528,14.101943671886724,12.02134303343187,28.15436318851212,24.000468705009983,True
VLP_100_06_14_0003.dm3,468.7565982404692,512.0733137829912,12.221604870375806,10.418429401242426,27.10861659618541,23.109011555208454,True
VLP_100_06_14_0003.dm3,477.566757493188,190.36784741144413,12.67897312580511,10.808317548511017,27.600872243438616,23.528639808835077,True
VLP_100_06_14_0003.dm3,499.56410256410254,656.7399267399268,10.935342067424894,9.321941800299703,26.746789259097294,22.80056822007581,True
VLP_100_06_14_0003.dm3,500.61764705882354,713.718487394958,10.210324097011014,8.703892974511014,26.85739393767575,22.89485428540344,True
VLP_100_06_14_0003.dm3,502.03010033444815,864.5752508361204,11.444231736944472,9.755749892701914,27.522419021692755,23.46176157469739,True
VLP_100_06_14_0003.dm3,517.6295180722891,919.7801204819277,12.059244236655108,10.280023453913834,28.192834852523777,24.033264260070457,True
VLP_100_06_14_0003.dm3,524.8726114649681,816.8407643312102,11.727781694025127,9.997464891746821,28.237486974451237,24.071328408343202,True
VLP_100_06_14_0003.dm3,525.3593220338983,217.31525423728814,11.367423944699787,9.690274321412074,27.575648614115615,23.507137673548264,True
VLP_100_06_14_0003.dm3,529.2372881355932,374.62033898305083,11.367423944699787,9.690274321412074,27.663226025387196,23.581793914373737,True
VLP_100_06_14_0003.dm3,537.7620578778135,307.7556270096463,11.671622799762941,9.949591680222808,27.045681450317748,23.05536186017794,True
VLP_100_06_14_0003.dm3,556.023102310231,668.2310231023102,11.520527460113973,9.82078894558317,27.624416725177102,23.54871053795641,True
VLP_100_06_14_0003.dm3,560.13671875,616.29296875,10.589392157371087,9.0270333367641,26.650672440410016,22.71863247592549,True
VLP_100_06_14_0003.dm3,566.9078590785908,74.73441734417344,12.713473796727026,10.837727990765352,28.123917817095453,23.974515243409535,True
VLP_100_06_14_0003.dm3,565.0827338129496,504.84892086330933,11.035028195230579,9.40692023773423,27.63753309381694,23.559891717688874,True
VLP_100_06_14_0003.dm3,576.5905292479108,273.51532033426184,12.540021280053004,10.689866656791414,27.540319260366015,23.47702081232295,True
VLP_100_06_14_0003.dm3,575.2425876010782,388.75471698113205,12.747881095901436,10.86705883733894,28.00366865111011,23.872007638257507,True
VLP_100_06_14_0003.dm3,596.0737527114967,852.1583514099783,14.210243239233584,12.11366408361762,27.674252500937,23.591193543823273,True
VLP_100_06_14_0003.dm3,592.5375722543353,950.5346820809249,12.310880015073453,10.49453289192004,28.51622163252008,24.308938557547805,True
VLP_100_06_14_0003.dm3,598.6790450928382,111.44031830238727,12.850550252840176,10.954580187815921,27.22289077978633,23.206425726821596,True
VLP_100_06_14_0003.dm3,618.8809523809524,39.3843537414966,11.348140768907735,9.673836185197393,27.35494465207989,23.3189963720227,True
VLP_100_06_14_0003.dm3,619.8403614457832,895.7289156626506,12.059244236655108,10.280023453913834,27.357752942754214,23.321390327517,True
VLP_100_06_14_0003.dm3,622.9806451612903,618.741935483871,11.652843024445058,9.933582672781009,29.374422817050846,25.04052074727879,True
VLP_100_06_14_0003.dm3,627.5745257452575,158.02439024390245,12.713473796727026,10.837727990765352,28.108949193822767,23.96175509067556,True
VLP_100_06_14_0003.dm3,629.6557788944724,333.9673366834171,13.203606877672629,11.255546841497692,28.41255672905637,24.220568372978903,True
VLP_100_06_14_0003.dm3,630.8510638297872,464.87943262411346,11.114133352622993,9.474354220939228,28.05212957914015,23.913318641415813,True
VLP_100_06_14_0003.dm3,665.3531353135313,394.7887788778878,11.520527460113973,9.82078894558317,27.950205375351995,23.826432333708492,True
VLP_100_06_14_0003.dm3,666.3667820069204,755.0622837370242,11.25122916720678,9.591222920311857,26.48660944598548,22.578775334175504,True
VLP_100_06_14_0003.dm3,682.1179361179361,100.88452088452088,13.352059340357135,11.382096629215674,30.94917383957243,26.3829330185545,False
VLP_100_06_14_0003.dm3,683.2939481268012,498.8991354466859,12.328657468399514,10.509687459947386,28.995903946847264,24.717848547671604,True
VLP_100_06_14_0003.dm3,685.4659090909091,985.2121212121212,10.753578571029195,9.166995688475081,27.949456947985155,23.82579432930841,True
VLP_100_06_14_0003.dm3,693.3037037037037,849.9148148148148,10.875091790363326,9.27058084855655,27.679752946277066,23.59588245350892,True
VLP_100_06_14_0003.dm3,714.0639097744361,62.62781954887218,10.794234967725819,9.201653640780462,25.66332924199755,21.876961883842203,False
VLP_100_06_14_0003.dm3,716.595567867036,917.8088642659279,12.574903186878167,10.71960208740737,28.289627962896944,24.115776515837606,True
VLP_100_06_14_0003.dm3,723.8120567375887,203.2304964539007,11.114133352622993,9.474354220939228,26.870414427403077,22.905953732197258,True
VLP_100_06_14_0003.dm3,727.4415094339622,436.50943396226415,10.773925946974323,9.18434101276213,27.59942451901737,23.527405681661502,True
VLP_100_06_14_0003.dm3,726.4334365325077,546.4953560371517,11.894667608260649,10.139728459745083,28.227050910579106,24.062432081237898,True
VLP_100_06_14_0003.dm3,747.9291666666667,627.8875,14.500122387151102,12.360774464742066,29.587812462010415,25.222426886001724,True
VLP_100_06_14_0003.dm3,754.780487804878,91.51829268292683,11.986378045470884,10.217907939900583,27.184965736108772,23.174096143736204,True
VLP_100_06_14_0003.dm3,755.1540983606558,337.3081967213115,11.558486467285265,9.853147481188747,28.66419133119356,24.435076808252465,True
VLP_100_06_14_0003.dm3,761.426273458445,474.230563002681,12.782195777346619,10.896310731002211,27.967856882455468,23.84147953761776,True
VLP_100_06_14_0003.dm3,778.8557993730408,411.91849529780563,11.820786970445416,10.076748170547344,28.543929967504123,24.332558805045494,True
VLP_100_06_14_0003.dm3,785.6190476190476,993.1062271062272,10.935342067424894,9.321941800299703,27.85285294957135,23.74344328392389,True
VLP_100_06_14_0003.dm3,794.9498525073747,547.5575221238938,12.185711680177615,10.387831891992912,27.656202804296278,23.575806899257383,True
VLP_100_06_14_0003.dm3,826.7413793103449,372.7758620689655,11.270678151761448,9.607802401865856,27.5237160341614,23.46286722595845,True
VLP_100_06_14_0003.dm3,832.0434782608696,287.9710144927536,12.293076853170106,10.479356408358663,28.542999276825135,24.331765428460645,True
VLP_100_06_14_0003.dm3,835.4261241970022,823.1498929336188,14.302418756410166,12.192240025845548,28.828481226004875,24.57512737350827,True
VLP_100_06_14_0003.dm3,839.1344195519348,960.4949083503055,14.66532849089414,12.501606061472312,28.579049209737256,24.362496554605528,True
VLP_100_06_14_0003.dm3,842.4050279329609,58.68156424581006,12.52254388998473,10.674967880691588,27.94158177555121,23.81908105974227,True
VLP_100_06_14_0003.dm3,859.306990881459,576.726443768997,12.004636057646007,10.233472165128859,28.09708527778921,23.95164157670347,True
VLP_100_06_14_0003.dm3,866.6023054755043,168.9221902017291,12.328657468399514,10.509687459947386,27.53884159240948,23.475761159483007,True
VLP_100_06_14_0003.dm3,886.5530303030303,290.56439393939394,10.753578571029195,9.166995688475081,24.3611922633802,20.766942182963525,False
VLP_100_06_14_0003.dm3,887.3394160583941,335.35036496350364,10.955351859213872,9.338999347593866,27.06950657143479,23.075671823146518,True
VLP_100_06_14_0003.dm3,892.1619047619048,633.6126984126984,11.746441660788134,10.013371767186818,27.952565390907314,23.828444152590684,True
VLP_100_06_14_0003.dm3,899.6045197740114,819.457627118644,12.452389030472863,10.61516366850092,28.407185614172736,24.215989712335347,True
VLP_100_06_14_0003.dm3,904.0180722891566,29.768072289156628,12.059244236655108,10.280023453913834,27.326602403822054,23.29483573880975,True
VLP_100_06_14_0003.dm3,919.9133333333333,555.7966666666666,11.46335327364883,9.772050238058398,27.35599978056792,23.319895826863398,True
VLP_100_06_14_0003.dm3,939.7760617760617,511.2277992277992,10.651258655452747,9.079772052293041,26.117895995901446,22.264461863094443,True
VLP_100_06_14_0003.dm3,948.3228840125391,979.730407523511,11.820786970445416,10.076748170547344,28.243777099620207,24.07669048850313,True
VLP_100_06_14_0003.dm3,951.121107266436,258.598615916955,11.25122916720678,9.591222920311857,28.471459353303036,24.270780504590956,True
VLP_100_06_14_0003.dm3,960.3682310469314,861.1119133574007,11.015163141867014,9.389986074159536,26.726641974096047,22.78339346531664,True
VLP_100_06_14_0003.dm3,972.8461538461538,586.1404682274248,11.444231736944472,9.755749892701914,27.455214037016795,23.40447201283672,True
VLP_100_06_14_0003.dm3,978.3333333333334,49.262172284644194,10.814505849370235,9.218933756735217,27.880888229026137,23.767342238508146,True
VLP_100_06_14_0003.dm3,994.136690647482,334.068345323741,11.035028195230579,9.40692023773423,28.80650093607029,24.55639005534661,True
VLP_100_06_14_0003.dm3,996.797507788162,717.4922118380063,11.857784829209402,10.108287365572707,27.550208965190556,23.485451390189475,True
VLP_100_06_14_0003.dm3,1001.0862068965517,209.6264367816092,12.346409324200758,10.524820207108489,27.734977560226685,23.64295922842901,True
VLP_100_06_14_0003.dm3,1006.3954154727794,271.6590257879656,12.364135692732415,10.539931227391522,26.3284794649166,22.443975849045753,True
VLP_100_06_14_0003.dm3,1007.948905109489,545.8540145985402,10.955351859213872,9.338999347593866,28.22179266342931,24.057949635823775,True
VLP_100_06_14_0003.dm3,1014.3516129032258,394.53225806451616,11.652843024445058,9.933582672781009,28.4365609303809,24.24103099466282,True
VLP_100_06_14_0004.dm3,11.176755447941888,51.813559322033896,13.450117397032182,11.465687201119065,25.422267288349232,21.671466208597604,True
VLP_100_06_14_0004.dm3,16.16549295774648,700.3380281690141,15.773396377132183,13.446189622059965,29.87405677047982,25.466438711856494,True
VLP_100_06_14_0004.dm3,67.50833333333334,635.055,16.211629669868195,13.81976597885342,26.617700100524313,22.690524874760474,True
VLP_100_06_14_0004.dm3,96.91287878787878,416.57575757575756,15.207856659194176,12.964089628857149,26.33964167506367,22.453491186811334,True
VLP_100_06_14_0004.dm3,142.95833333333334,32.473214285714285,12.131672781181184,10.341765891652821,26.482916670803622,22.5756273910097,True
VLP_100_06_14_0004.dm3,184.2883435582822,78.04907975460122,11.949778332411439,10.186708148166206,25.882942739889042,22.064173608293256,True
VLP_100_06_14_0004.dm3,213.823585810163,464.7209971236817,21.374364116261937,18.220790632947125,85.81747504534032,73.15596557371514,False
VLP_100_06_14_0004.dm3,210.390243902439,163.58841463414635,11.986378045470884,10.217907939900583,26.101394170734252,22.250394717059248,True
VLP_100_06_14_0004.dm3,263.7412398921833,249.26954177897574,12.747881095901436,10.86705883733894,25.56374386675523,21.79206933393878,True
VLP_100_06_14_0004.dm3,269.31072210065645,559.1422319474835,14.148459280353842,12.060995729457511,25.52882231815763,21.762300110297122,True
VLP_100_06_14_0004.dm3,285.80409356725147,970.9619883040936,12.239511993342786,10.433694507453072,24.291617114540085,20.707632150937478,True
VLP_100_06_14_0004.dm3,306.2040072859745,630.1347905282331,15.507336874716751,13.219384536161321,78.44850195980213,66.87421070881788,False
VLP_100_06_14_0004.dm3,306.7451612903226,930.9387096774194,11.652843024445058,9.933582672781009,25.063760323095387,21.36585335766962,True
VLP_100_06_14_0004.dm3,319.5820895522388,534.5597014925373,10.834738805972727,9.23618154310838,24.905473612531615,21.230920266913202,True
VLP_100_06_14_0004.dm3,340.0921658986175,450.90552995391704,13.78782980651056,11.753573524837677,25.96233212684321,22.131849885833105,True
VLP_100_06_14_0004.dm3,340.4328767123288,908.1506849315068,12.644378318830535,10.778826859036359,26.597123379444778,22.672984042918017,True
VLP_100_06_14_0004.dm3,349.9922279792746,336.48445595854923,13.00303410166508,11.084566571000565,25.226225810264545,21.50434868836986,True
VLP_100_06_14_0004.dm3,356.02162162162165,217.71621621621622,12.73068907041771,10.852403323135505,24.115309524651963,20.55733698122495,True
VLP_100_06_14_0004.dm3,362.5104895104895,166.24009324009324,13.708176743657772,11.685672474138842,22.288435578346252,19.0,True
VLP_100_06_14_0004.dm3,400.23708920187795,971.1877934272301,13.6601619665579,11.64474179680661,25.224451969806964,21.502836560316926,True
VLP_100_06_14_0004.dm3,410.25307125307125,409.33906633906633,13.352059340357135,11.382096629215674,24.623022168448067,20.990141706268002,True
VLP_100_06_14_0004.dm3,417.16385135135135,830.25,16.103189458372672,13.727325035155395,86.55621832358965,73.78571467554863,False
VLP_100_06_14_0004.dm3,425.092050209205,468.744769874477,14.469882265836997,12.334995970645954,28.53338930501799,24.323573311804726,True
VLP_100_06_14_0004.dm3,445.6256038647343,163.3695652173913,13.466390987251781,11.479559785988718,25.883859392133015,22.06495501767366,True
VLP_100_06_14_0004.dm3,451.35890410958905,684.5150684931507,12.644378318830535,10.778826859036359,25.892161304014124,22.07203206555289,True
VLP_100_06_14_0004.dm3,479.2451612903226,888.3956989247312,14.271759731320339,12.166104433032896,23.46151113510132,20.0,True
VLP_100_06_14_0004.dm3,495.5267379679144,830.187165775401,12.799318619286183,10.910907269000948,26.464100864010813,22.559587668176455,True
VLP_100_06_14_0004.dm3,506.6190476190476,207.88220551378447,13.220183917317952,11.269678104867614,28.898830909682292,24.635097665508912,True
VLP_100_06_14_0004.dm3,511.4422110552764,333.6281407035176,13.203606877672629,11.255546841497692,24.962451051589035,21.279491255140957,True
VLP_100_06_14_0004.dm3,551.6918429003022,831.4018126888218,12.041069027777855,10.264529815185629,25.945096492857797,22.117157197125916,True
VLP_100_06_14_0004.dm3,568.3562945368171,418.4608076009501,13.579760079421645,11.576202403352141,25.819182190434454,22.009820289713367,True
VLP_100_06_14_0004.dm3,599.8513238289206,385.9857433808554,14.66532849089414,12.501606061472312,24.668434616435796,21.028854002101145,True
VLP_100_06_14_0004.dm3,599.9935064935065,847.6558441558442,11.615192383132591,9.901487006738307,24.46070114787015,20.851769527559476,True
VLP_100_06_14_0004.dm3,604.6798143851508,729.7795823665894,13.740093379978765,11.71288013023329,24.15297281492023,20.589443429996628,True
VLP_100_06_14_0004.dm3,609.589247311828,451.27311827956987,14.271759731320339,12.166104433032896,26.221262741684182,22.352577880163853,True
VLP_100_06_14_0004.dm3,740.4736842105264,731.4962406015038,13.220183917317952,11.269678104867614,25.62910057420708,21.84778331337983,True
VLP_100_06_14_0004.dm3,791.1538461538462,510.42490842490844,10.935342067424894,9.321941800299703,24.325292260039227,20.73633886578225,True
VLP_100_06_14_0004.dm3,797.2974910394265,749.179211469534,11.054857552095463,9.423823971471327,24.167867753435058,20.602140769421236,True
VLP_100_06_14_0004.dm3,801.0417910447761,685.3910447761194,12.113606244304961,10.32636489145962,25.916076316560776,22.09241865737039,True
VLP_100_06_14_0004.dm3,826.8791469194313,578.9407582938388,13.595878494685145,11.589942707777277,27.91809701376581,23.7990612394927,True
VLP_100_06_14_0004.dm3,838.3631436314363,996.9837398373984,12.713473796727026,10.837727990765352,26.386277022732017,22.493245955717565,True
VLP_100_06_14_0004.dm3,837.4984709480123,531.0214067278288,11.968092179681694,10.202319970580199,24.581962341320047,20.95513984565333,True
VLP_100_06_14_0004.dm3,844.53,427.8175,13.236740196713859,11.283791670955125,26.324163863379226,22.440296971319146,True
VLP_100_06_14_0004.dm3,848.5387387387387,659.545945945946,15.591846148275048,13.291425312283248,65.11581543839027,55.508628633020116,False
VLP_100_06_14_0004.dm3,856.1106796116505,746.3184466019418,15.019471935056483,12.80349918517013,30.102778955244474,25.66141522760399,True
VLP_100_06_14_0004.dm3,863.1662468513854,918.2921914357682,13.187008999486416,11.24139781410501,26.6302974649954,22.701263624194425,True
VLP_100_06_14_0004.dm3,884.9646799116998,149.27593818984548,14.08640433529713,12.008096370418468,25.245290903660056,21.52060091806276,True
VLP_100_06_14_0004.dm3,914.3594470046083,1011.5460829493088,13.78782980651056,11.753573524837677,25.644923344514357,21.86127159230284,True
VLP_100_06_14_0004.dm3,920.5786350148368,92.43916913946587,12.149712453273972,10.357143990692485,24.593847459546517,20.965271433646986,True
VLP_100_06_14_0004.dm3,934.5463917525773,573.1099656357388,11.29009363239212,9.624353322664494,26.173690421828994,22.312024379938528,True
VLP_100_06_14_0004.dm3,977.4720670391062,33.21508379888268,12.52254388998473,10.674967880691588,26.307156991519136,22.425799293175434,True
VLP_100_06_14_0004.dm3,979.3936781609195,639.6149425287356,12.346409324200758,10.524820207108489,27.424072278814307,23.37792490935037,True
VLP_100_06_14_0004.dm3,1000.2475633528265,709.4775828460039,14.99027954218242,12.778613837669742,27.085006106352235,23.088884556826113,True
VLP_100_06_14_0004.dm3,1016.6958041958042,239.24125874125875,11.192679441949538,9.541311620975605,86.400412072054,73.65289607691834,False
