file,centroid_y,centroid_x,gold_diameter_nm,gold_radius_px,capsid_diameter_nm,ring_contrast,peak_prominence,wall_radius_cv,is_reliable,overlapping
VLP_100_06_14_0004.dm3,11.176755447941888,51.813559322033896,13.450117397032182,11.465687201119065,,,,,False,False
VLP_100_06_14_0004.dm3,16.16549295774648,700.3380281690141,15.773396377132183,13.446189622059965,,,,,False,False
VLP_100_06_14_0004.dm3,96.91287878787878,416.57575757575756,15.207856659194176,12.964089628857149,,0.036813236534054106,0.036813236534054106,,False,False
VLP_100_06_14_0004.dm3,142.95833333333334,32.473214285714285,12.131672781181184,10.341765891652821,27.660288828466722,0.15966856911834704,0.15966856911834704,0.14255301139786958,True,False
VLP_100_06_14_0004.dm3,184.2883435582822,78.04907975460122,11.949778332411439,10.186708148166206,26.862345689718122,0.28028539670572183,0.28028539670572183,0.07714633558002354,True,False
VLP_100_06_14_0004.dm3,210.390243902439,163.58841463414635,11.986378045470884,10.217907939900583,27.50401770516724,0.24893084824930867,0.24893084824930867,0.4027664608134244,False,False
VLP_100_06_14_0004.dm3,263.7412398921833,249.26954177897574,12.747881095901436,10.86705883733894,,0.02520355948232711,0.02520355948232711,,False,False
VLP_100_06_14_0004.dm3,269.31072210065645,559.1422319474835,14.148459280353842,12.060995729457511,,0.07524852240262175,0.07524852240262175,,False,False
VLP_100_06_14_0004.dm3,285.80409356725147,970.9619883040936,12.239511993342786,10.433694507453072,25.732776673115847,0.2268006375585077,0.2268006375585077,0.38125595290345726,False,False
VLP_100_06_14_0004.dm3,306.2040072859745,630.1347905282331,15.507336874716751,13.219384536161321,,,,,False,False
VLP_100_06_14_0004.dm3,306.7451612903226,930.9387096774194,11.652843024445058,9.933582672781009,25.577319154981215,0.19065468437114474,0.19065468437114474,0.09337945803757379,True,False
VLP_100_06_14_0004.dm3,319.5820895522388,534.5597014925373,10.834738805972727,9.23618154310838,26.17372738298381,0.2009517147073806,0.2009517147073806,0.08401680504168059,True,False
VLP_100_06_14_0004.dm3,340.0921658986175,450.90552995391704,13.78782980651056,11.753573524837677,,0.07147475235870848,0.07147475235870848,,False,False
VLP_100_06_14_0004.dm3,340.4328767123288,908.1506849315068,12.644378318830535,10.778826859036359,,0.05194967081677415,0.05194967081677415,,False,False
VLP_100_06_14_0004.dm3,349.9922279792746,336.48445595854923,13.00303410166508,11.084566571000565,,,,,False,False
VLP_100_06_14_0004.dm3,356.02162162162165,217.71621621621622,12.73068907041771,10.852403323135505,,,,,False,False
VLP_100_06_14_0004.dm3,362.5104895104895,166.24009324009324,13.708176743657772,11.685672474138842,,0.04780601604262702,0.04780601604262702,,False,False
VLP_100_06_14_0004.dm3,400.23708920187795,971.1877934272301,13.6601619665579,11.64474179680661,,0.056514759199835896,0.056514759199835896,,False,False
VLP_100_06_14_0004.dm3,410.25307125307125,409.33906633906633,13.352059340357135,11.382096629215674,25.68639397247137,0.298536373969332,0.298536373969332,0.07247430753394787,True,False
VLP_100_06_14_0004.dm3,425.092050209205,468.744769874477,14.469882265836997,12.334995970645954,,0.04618080414814718,0.04618080414814718,,False,False
VLP_100_06_14_0004.dm3,445.6256038647343,163.3695652173913,13.466390987251781,11.479559785988718,,0.057454281742240376,0.057454281742240376,,False,False
VLP_100_06_14_0004.dm3,451.35890410958905,684.5150684931507,12.644378318830535,10.778826859036359,27.700292028072926,0.18642969445041557,0.18642969445041557,0.12080383833432344,True,False
VLP_100_06_14_0004.dm3,479.2451612903226,888.3956989247312,14.271759731320339,12.166104433032896,,0.04576065233571386,0.04576065233571386,,False,False
VLP_100_06_14_0004.dm3,495.5267379679144,830.187165775401,12.799318619286183,10.910907269000948,27.293947959548525,0.2744648956283952,0.2744648956283952,0.07642796191225244,True,False
VLP_100_06_14_0004.dm3,506.6190476190476,207.88220551378447,13.220183917317952,11.269678104867614,,0.04421084910777506,0.04421084910777506,,False,False
VLP_100_06_14_0004.dm3,511.4422110552764,333.6281407035176,13.203606877672629,11.255546841497692,,,,,False,False
VLP_100_06_14_0004.dm3,551.6918429003022,831.4018126888218,12.041069027777855,10.264529815185629,26.591014238145355,0.32243026307354794,0.32243026307354794,0.4166658497524914,False,False
VLP_100_06_14_0004.dm3,568.3562945368171,418.4608076009501,13.579760079421645,11.576202403352141,26.805538630614368,0.33101354450404774,0.33101354450404774,0.06564378552893926,True,False
VLP_100_06_14_0004.dm3,599.8513238289206,385.9857433808554,14.66532849089414,12.501606061472312,28.11638486659857,0.1649687008061566,0.1649687008061566,0.10812367840210456,True,False
VLP_100_06_14_0004.dm3,599.9935064935065,847.6558441558442,11.615192383132591,9.901487006738307,25.58003313041493,0.2867100304016697,0.2867100304016697,0.3790292791387553,False,False
VLP_100_06_14_0004.dm3,604.6798143851508,729.7795823665894,13.740093379978765,11.71288013023329,,0.006173953288860057,0.006173953288860057,,False,False
VLP_100_06_14_0004.dm3,609.589247311828,451.27311827956987,14.271759731320339,12.166104433032896,28.049799952108312,0.23164290413681132,0.23164290413681132,0.29518278412406995,False,False
VLP_100_06_14_0004.dm3,740.4736842105264,731.4962406015038,13.220183917317952,11.269678104867614,26.406021087805545,0.33931489238614837,0.33931489238614837,0.09040716277041115,True,False
VLP_100_06_14_0004.dm3,791.1538461538462,510.42490842490844,10.935342067424894,9.321941800299703,25.428101644672076,0.3162129033925106,0.3162129033925106,0.08761947813457072,True,False
VLP_100_06_14_0004.dm3,797.2974910394265,749.179211469534,11.054857552095463,9.423823971471327,,0.04642368065531244,0.04642368065531244,,False,False
VLP_100_06_14_0004.dm3,801.0417910447761,685.3910447761194,12.113606244304961,10.32636489145962,27.388327262346998,0.24697789979369433,0.24697789979369433,0.08385002966195323,True,False
VLP_100_06_14_0004.dm3,826.8791469194313,578.9407582938388,13.595878494685145,11.589942707777277,,0.010792442723902007,0.010792442723902007,,False,False
VLP_100_06_14_0004.dm3,838.3631436314363,996.9837398373984,12.713473796727026,10.837727990765352,27.316350932255382,0.31294427604286434,0.31294427604286434,0.04760536595014892,True,False
VLP_100_06_14_0004.dm3,837.4984709480123,531.0214067278288,11.968092179681694,10.202319970580199,26.301403434790966,0.2566456589823397,0.2566456589823397,0.3622154055254967,False,False
VLP_100_06_14_0004.dm3,844.53,427.8175,13.236740196713859,11.283791670955125,27.00790668194052,0.24292904554495204,0.24292904554495204,0.12059058191646946,True,False
VLP_100_06_14_0004.dm3,848.5387387387387,659.545945945946,15.591846148275048,13.291425312283248,,0.13678450780817214,0.13678450780817214,,False,False
VLP_100_06_14_0004.dm3,856.1106796116505,746.3184466019418,15.019471935056483,12.80349918517013,,0.05469793663366984,0.05469793663366984,,False,False
VLP_100_06_14_0004.dm3,863.1662468513854,918.2921914357682,13.187008999486416,11.24139781410501,28.370757180003075,0.32070037201812296,0.32070037201812296,0.2250090989208827,False,False
VLP_100_06_14_0004.dm3,884.9646799116998,149.27593818984548,14.08640433529713,12.008096370418468,,,,,False,False
VLP_100_06_14_0004.dm3,914.3594470046083,1011.5460829493088,13.78782980651056,11.753573524837677,,,,,False,False
VLP_100_06_14_0004.dm3,920.5786350148368,92.43916913946587,12.149712453273972,10.357143990692485,25.899552528026657,0.20281231651148102,0.20281231651148102,0.08676259348293006,True,False
VLP_100_06_14_0004.dm3,934.5463917525773,573.1099656357388,11.29009363239212,9.624353322664494,26.895834736174624,0.2964003700385201,0.2964003700385201,0.29148687463440204,False,False
VLP_100_06_14_0004.dm3,977.4720670391062,33.21508379888268,12.52254388998473,10.674967880691588,27.08364675466436,0.24698927544395555,0.24698927544395555,0.07969907333144567,True,False
VLP_100_06_14_0004.dm3,979.3936781609195,639.6149425287356,12.346409324200758,10.524820207108489,,,,,False,False
VLP_100_06_14_0004.dm3,1000.2475633528265,709.4775828460039,14.99027954218242,12.778613837669742,,,,,False,False
VLP_100_06_14_0004.dm3,1016.6958041958042,239.24125874125875,11.192679441949538,9.541311620975605,,,,,False,False
VLP_100_06_14_0003.dm3,6.4935064935064934,4.824675324675325,8.213181298899391,7.001408606295148,,,,,False,False
VLP_100_06_14_0003.dm3,7.598455598455598,213.62548262548262,10.651258655452747,9.079772052293041,,,,,False,False
VLP_100_06_14_0003.dm3,16.046439628482972,74.08049535603715,11.894667608260649,10.139728459745083,,,,,False,False
VLP_100_06_14_0003.dm3,23.39946380697051,703.9812332439678,12.782195777346619,10.896310731002211,,,,,False,False
VLP_100_06_14_0003.dm3,28.278996865203762,588.2978056426332,11.820786970445416,10.076748170547344,28.524275735983885,0.18645452650777272,0.18645452650777272,0.12538749557052545,True,False
VLP_100_06_14_0003.dm3,46.63323782234957,155.487106017192,12.364135692732415,10.539931227391522,28.33479087111334,0.33275982689843725,0.33275982689843725,0.05962660142637378,False,True
VLP_100_06_14_0003.dm3,47.551515151515154,407.56060606060606,12.022866343103168,10.249012754438885,31.22921904441089,0.3721845990809228,0.3721845990809228,0.05512637983000021,True,False
VLP_100_06_14_0003.dm3,54.54915254237288,919.7322033898305,11.367423944699787,9.690274321412074,28.964480132643335,0.34236630377959715,0.34236630377959715,0.08240390098313653,True,False
VLP_100_06_14_0003.dm3,59.24444444444445,543.2952380952381,11.746441660788134,10.013371767186818,29.606927432318734,0.3912026259775522,0.3912026259775522,0.07216878364870322,True,False
VLP_100_06_14_0003.dm3,60.44307692307692,313.55384615384617,11.931436374811778,10.171072362820547,29.992805883583575,0.3214453339014144,0.3214453339014144,0.12823078939338822,True,False
VLP_100_06_14_0003.dm3,70.7915309446254,791.0162866449512,11.596321221387115,9.885400096021595,28.965170201840323,0.3634343638170839,0.3634343638170839,0.06985323234227074,True,False
VLP_100_06_14_0003.dm3,72.39837398373983,1000.3861788617886,10.380507886741853,8.848967849484623,,,,,False,False
VLP_100_06_14_0003.dm3,86.77142857142857,238.71142857142857,12.381836683460492,10.55502061411188,29.051706224503985,0.3700246885226394,0.3700246885226394,0.040768245749551756,True,False
VLP_100_06_14_0003.dm3,85.92469879518072,880.8674698795181,12.059244236655108,10.280023453913834,29.35429954681615,0.32957986974864917,0.32957986974864917,0.07390521369564307,True,False
VLP_100_06_14_0003.dm3,92.81437125748504,160.58982035928145,12.095512722265058,10.31094088749354,29.886672911550974,0.3193461456477965,0.3193461456477965,0.09467613256557657,False,True
VLP_100_06_14_0003.dm3,96.61307901907357,583.4414168937329,12.67897312580511,10.808317548511017,30.552664258363368,0.3323628472554815,0.3323628472554815,0.051447053690164675,True,False
VLP_100_06_14_0003.dm3,104.70076726342711,829.2378516624041,13.086979673973907,11.156126814350138,29.556908562175977,0.39740691643924614,0.39740691643924614,0.10196555999616151,True,False
VLP_100_06_14_0003.dm3,108.18895348837209,67.2296511627907,12.27524787083171,10.464157913908982,29.05579749651885,0.3775060276039703,0.3775060276039703,0.09750161053097532,True,False
VLP_100_06_14_0003.dm3,117.49875930521092,437.46898263027293,13.28628524901017,11.32602684669552,32.290698901372494,0.3021209214001987,0.3021209214001987,0.23038426193820058,False,False
VLP_100_06_14_0003.dm3,145.37102473498234,535.3604240282685,11.133821823950438,9.491137855389772,28.59758457354672,0.2534648796720305,0.2534648796720305,0.15791389972181644,True,False
VLP_100_06_14_0003.dm3,156.41666666666666,385.3560606060606,10.753578571029195,9.166995688475081,30.090895504798436,0.32803522672185215,0.32803522672185215,0.07303296736009218,True,False
VLP_100_06_14_0003.dm3,163.43214285714285,836.0392857142857,11.074651404207282,9.440697438826296,30.145124177154553,0.371791049887691,0.371791049887691,0.07517293082676685,True,False
VLP_100_06_14_0003.dm3,162.96703296703296,916.9413919413919,10.935342067424894,9.321941800299703,29.981084588892248,0.3361617372335925,0.3361617372335925,0.04081632653061224,True,False
VLP_100_06_14_0003.dm3,165.04089219330854,103.91078066914498,10.854934049603413,9.25339718068125,29.092047591038845,0.40664734897216576,0.40664734897216576,0.05587260669577024,True,False
VLP_100_06_14_0003.dm3,175.02903225806452,287.59354838709675,11.652843024445058,9.933582672781009,29.397291351081975,0.3698242035306406,0.3698242035306406,0.0667170381635899,True,False
VLP_100_06_14_0003.dm3,182.14285714285714,631.0498338870432,11.482442967594642,9.788323438736636,29.797865559965373,0.3454075473972484,0.3454075473972484,0.0721647852673794,True,False
VLP_100_06_14_0003.dm3,182.83464566929135,467.12204724409446,10.547946236467828,8.991702346646203,30.264156382204387,0.3258973129534293,0.3258973129534293,0.06400771681684514,True,False
VLP_100_06_14_0003.dm3,199.18627450980392,140.9640522875817,11.577419299740544,9.869286963719311,29.44660141586478,0.37985838581909775,0.37985838581909775,0.060264319088687936,True,False
VLP_100_06_14_0003.dm3,208.3646408839779,986.8867403314918,12.592307905501157,10.734438914006276,29.28277613940197,0.32663934522753213,0.32663934522753213,0.12123060265949083,True,False
VLP_100_06_14_0003.dm3,226.52733118971062,355.5369774919614,11.671622799762941,9.949591680222808,29.17733330998541,0.3256575621597748,0.3256575621597748,0.17647058823529413,False,True
VLP_100_06_14_0003.dm3,226.16349809885932,568.8136882129278,10.733192621755656,9.149617481968136,30.107077896913246,0.3272931496530832,0.3272931496530832,0.061224489795918366,True,False
VLP_100_06_14_0003.dm3,233.51791530944627,241.2671009771987,11.596321221387115,9.885400096021595,28.384002935549432,0.2890788402491676,0.2890788402491676,0.13015395530653337,True,False
VLP_100_06_14_0003.dm3,233.45079365079366,400.65396825396823,11.746441660788134,10.013371767186818,29.928974051662333,0.3839892257521052,0.3839892257521052,0.13968441330037049,False,True
VLP_100_06_14_0003.dm3,251.60660660660662,519.2762762762762,12.077392093779503,10.295493776366547,29.67261461214754,0.41085973311473617,0.41085973311473617,0.020833333333333332,True,False
VLP_100_06_14_0003.dm3,263.6788321167883,823.8430656934306,10.955351859213872,9.338999347593866,28.980576080401594,0.40130611921175635,0.40130611921175635,0.055119818980512304,True,False
VLP_100_06_14_0003.dm3,271.6181229773463,892.9870550161812,11.63403293466069,9.91754782346883,30.007016895899273,0.4025231287870397,0.4025231287870397,0.0721647852673794,True,False
VLP_100_06_14_0003.dm3,273.16959064327483,441.6374269005848,12.239511993342786,10.433694507453072,29.18345490271178,0.3697749199348402,0.3697749199348402,0.08134037797334655,True,False
VLP_100_06_14_0003.dm3,304.92615384615385,545.7784615384616,11.931436374811778,10.171072362820547,30.878651988398705,0.3496724173004026,0.3496724173004026,0.06715104850417743,True,False
VLP_100_06_14_0003.dm3,308.2439024390244,321.58188153310107,11.212229988625282,9.557977680176279,29.88940484388882,0.4258781731280719,0.4258781731280719,0.12297509238026914,True,False
VLP_100_06_14_0003.dm3,314.56,857.5384615384615,11.931436374811778,10.171072362820547,28.41362302298662,0.39280911050570727,0.39280911050570727,0.05986843400892496,True,False
VLP_100_06_14_0003.dm3,323.25678496868477,372.5657620041754,14.48501021797266,12.347891944863939,32.603404472140056,0.20642583678892812,0.20642583678892812,0.3164187039423369,False,False
VLP_100_06_14_0003.dm3,322.2142857142857,609.6989795918367,13.103704255461293,11.170383851240114,30.15320202316279,0.32112874177128914,0.32112874177128914,0.06070183118325583,True,False
VLP_100_06_14_0003.dm3,326.54782608695655,32.12173913043478,10.037255219695162,8.556358677747903,28.241366855662356,0.3696881237064338,0.3696881237064338,0.09938079899999065,True,False
VLP_100_06_14_0003.dm3,328.2459546925566,790.5080906148868,11.63403293466069,9.91754782346883,30.013158503831136,0.3888336333344402,0.3888336333344402,0.2503512272018079,False,False
VLP_100_06_14_0003.dm3,333.4895833333333,712.5277777777778,11.231746504681109,9.574614729634384,29.616390009015994,0.3639723207009906,0.3639723207009906,0.10465446946941671,True,False
VLP_100_06_14_0003.dm3,362.36858006042297,171.7311178247734,12.041069027777855,10.264529815185629,30.419077586998785,0.3591550171078327,0.3591550171078327,0.12103835571369612,True,False
VLP_100_06_14_0003.dm3,369.3910034602076,543.757785467128,11.25122916720678,9.591222920311857,,0.03743225430853303,0.03743225430853303,,False,False
VLP_100_06_14_0003.dm3,373.796568627451,255.02205882352942,13.368452298452745,11.396070970426017,31.9959835132614,0.4345037553644311,0.4345037553644311,0.06242921731072505,True,False
VLP_100_06_14_0003.dm3,378.4926315789474,419.73052631578946,14.424403214844602,12.296226898414837,29.62730963398277,0.23977806932847823,0.23977806932847823,0.1289610639879162,True,False
VLP_100_06_14_0003.dm3,382.9197324414716,787.3846153846154,11.444231736944472,9.755749892701914,29.434304484074147,0.4253698195326652,0.4253698195326652,0.08085416576703798,False,True
VLP_100_06_14_0003.dm3,387.1493902439024,611.2408536585366,11.986378045470884,10.217907939900583,28.616642811635458,0.43132790053456005,0.43132790053456005,0.07671385692476572,True,False
VLP_100_06_14_0003.dm3,388.15625,676.2048611111111,11.231746504681109,9.574614729634384,29.913171311061564,0.46863794507987117,0.46863794507987117,0.0858980338670346,True,False
VLP_100_06_14_0003.dm3,412.0315186246418,315.64469914040114,12.364135692732415,10.539931227391522,30.036961565686443,0.37676295322834624,0.37676295322834624,0.08654556004398999,True,False
VLP_100_06_14_0003.dm3,414.7439024390244,752.1646341463414,11.986378045470884,10.217907939900583,29.338724042051314,0.3722791569932955,0.3722791569932955,0.07216878364870322,False,True
VLP_100_06_14_0003.dm3,414.2432432432432,887.8682432432432,11.386674464747042,9.706684619910241,30.035769024888843,0.34713908465237653,0.34713908465237653,0.0795742625841396,True,False
VLP_100_06_14_0003.dm3,425.68111455108357,571.5386996904025,11.894667608260649,10.139728459745083,29.781076923666042,0.3759292154130542,0.3759292154130542,0.06400771681684514,True,False
VLP_100_06_14_0003.dm3,426.67755102040815,149.25306122448978,10.359387808124644,8.83096382707056,29.911979544246112,0.38727231543104934,0.38727231543104934,0.06695776157160666,True,False
VLP_100_06_14_0003.dm3,430.25069637883007,383.5376044568245,12.540021280053004,10.689866656791414,29.014005714791452,0.41487777074060683,0.41487777074060683,0.08861898765151287,True,False
VLP_100_06_14_0003.dm3,435.8411458333333,37.411458333333336,12.969303735894556,11.055812783082736,30.072514049288,0.3586060715120861,0.3586060715120861,0.09467613256557657,True,False
VLP_100_06_14_0003.dm3,452.180790960452,839.7570621468926,12.452389030472863,10.61516366850092,28.643640654924333,0.30194839592687506,0.30194839592687506,0.12466890994545192,True,False
VLP_100_06_14_0003.dm3,471.48458149779736,973.3083700440528,14.101943671886724,12.02134303343187,29.676091243875202,0.2662568883315697,0.2662568883315697,0.1264156698183208,True,False
VLP_100_06_14_0003.dm3,468.7565982404692,512.0733137829912,12.221604870375806,10.418429401242426,29.088000065856868,0.27619466111939833,0.27619466111939833,0.13517250067329376,True,False
VLP_100_06_14_0003.dm3,477.566757493188,190.36784741144413,12.67897312580511,10.808317548511017,28.803661713635208,0.33514935528986867,0.33514935528986867,0.05212189489202654,True,False
VLP_100_06_14_0003.dm3,499.56410256410254,656.7399267399268,10.935342067424894,9.321941800299703,28.371801147960745,0.288856038695707,0.288856038695707,0.12983870960876698,True,False
VLP_100_06_14_0003.dm3,500.61764705882354,713.718487394958,10.210324097011014,8.703892974511014,28.71621912132395,0.4622667934132701,0.4622667934132701,0.07838154946660846,True,False
VLP_100_06_14_0003.dm3,502.03010033444815,864.5752508361204,11.444231736944472,9.755749892701914,29.102704178703306,0.35897935158779365,0.35897935158779365,0.3211017721633142,False,False
VLP_100_06_14_0003.dm3,517.6295180722891,919.7801204819277,12.059244236655108,10.280023453913834,29.667101094956056,0.4188313152044617,0.4188313152044617,0.041666666666666664,True,False
VLP_100_06_14_0003.dm3,524.8726114649681,816.8407643312102,11.727781694025127,9.997464891746821,30.079862655349714,0.36196770768885694,0.36196770768885694,0.08838834764831843,True,False
VLP_100_06_14_0003.dm3,525.3593220338983,217.31525423728814,11.367423944699787,9.690274321412074,28.713942809614778,0.35498983299904513,0.35498983299904513,0.05711367599285714,True,False
VLP_100_06_14_0003.dm3,529.2372881355932,374.62033898305083,11.367423944699787,9.690274321412074,29.076729415519274,0.36244272756143825,0.36244272756143825,0.035662632154359136,True,False
VLP_100_06_14_0003.dm3,537.7620578778135,307.7556270096463,11.671622799762941,9.949591680222808,28.682338165067186,0.4070542794197246,0.4070542794197246,0.062262031323672064,True,False
VLP_100_06_14_0003.dm3,556.023102310231,668.2310231023102,11.520527460113973,9.82078894558317,28.9868737715617,0.2908952742826557,0.2908952742826557,0.0792588016141361,True,False
VLP_100_06_14_0003.dm3,560.13671875,616.29296875,10.589392157371087,9.0270333367641,27.94898611465938,0.3553386051421734,0.3553386051421734,0.04897639262405252,True,False
VLP_100_06_14_0003.dm3,566.9078590785908,74.73441734417344,12.713473796727026,10.837727990765352,29.38018763046007,0.3781288868342134,0.3781288868342134,0.041666666666666664,True,False
VLP_100_06_14_0003.dm3,565.0827338129496,504.84892086330933,11.035028195230579,9.40692023773423,28.95984777464507,0.3372786456627235,0.3372786456627235,0.0425531914893617,True,False
VLP_100_06_14_0003.dm3,576.5905292479108,273.51532033426184,12.540021280053004,10.689866656791414,28.941010196147783,0.3880638654336183,0.3880638654336183,0.07056648490117871,True,False
VLP_100_06_14_0003.dm3,575.2425876010782,388.75471698113205,12.747881095901436,10.86705883733894,30.150382482818948,0.38307580029043176,0.38307580029043176,0.08143126241192597,True,False
VLP_100_06_14_0003.dm3,596.0737527114967,852.1583514099783,14.210243239233584,12.11366408361762,29.06819382881799,0.2278658456922822,0.2278658456922822,0.07371671613334456,True,False
VLP_100_06_14_0003.dm3,592.5375722543353,950.5346820809249,12.310880015073453,10.49453289192004,30.08600067515918,0.3385772198476459,0.3385772198476459,0.04844274265972444,True,False
VLP_100_06_14_0003.dm3,598.6790450928382,111.44031830238727,12.850550252840176,10.954580187815921,28.381671247572907,0.360501367310085,0.360501367310085,0.09369503274624416,True,False
VLP_100_06_14_0003.dm3,618.8809523809524,39.3843537414966,11.348140768907735,9.673836185197393,28.953184633617038,0.3827998794611442,0.3827998794611442,0.06327122086297036,True,False
VLP_100_06_14_0003.dm3,619.8403614457832,895.7289156626506,12.059244236655108,10.280023453913834,29.07391009727489,0.38773927925729457,0.38773927925729457,0.06573682103577261,True,False
VLP_100_06_14_0003.dm3,622.9806451612903,618.741935483871,11.652843024445058,9.933582672781009,30.977298593193026,0.2842661700531191,0.2842661700531191,0.0775873307865516,True,False
VLP_100_06_14_0003.dm3,627.5745257452575,158.02439024390245,12.713473796727026,10.837727990765352,29.312566591562966,0.3873814213414587,0.3873814213414587,0.05574419975054359,True,False
VLP_100_06_14_0003.dm3,629.6557788944724,333.9673366834171,13.203606877672629,11.255546841497692,30.112641679976967,0.3400264440107064,0.3400264440107064,0.09771699499632146,True,False
VLP_100_06_14_0003.dm3,630.8510638297872,464.87943262411346,11.114133352622993,9.474354220939228,29.899308595538724,0.3911558395152093,0.3911558395152093,0.05574419975054359,True,False
VLP_100_06_14_0003.dm3,665.3531353135313,394.7887788778878,11.520527460113973,9.82078894558317,29.282848609894224,0.33439120796205934,0.33439120796205934,0.02977414097770065,True,False
VLP_100_06_14_0003.dm3,666.3667820069204,755.0622837370242,11.25122916720678,9.591222920311857,27.795251055219182,0.3646444999960704,0.3646444999960704,0.07027283689263066,True,False
VLP_100_06_14_0003.dm3,682.1179361179361,100.88452088452088,13.352059340357135,11.382096629215674,32.10804774277926,0.32170340331726593,0.32170340331726593,0.13452181925335027,True,False
VLP_100_06_14_0003.dm3,683.2939481268012,498.8991354466859,12.328657468399514,10.509687459947386,30.500565082024913,0.3830359616964261,0.3830359616964261,0.06308078786261008,True,False
VLP_100_06_14_0003.dm3,685.4659090909091,985.2121212121212,10.753578571029195,9.166995688475081,29.42177087413731,0.41405156309155744,0.41405156309155744,0.03842589889686872,True,False
VLP_100_06_14_0003.dm3,693.3037037037037,849.9148148148148,10.875091790363326,9.27058084855655,29.362785849559483,0.4573370516564896,0.4573370516564896,0.05711367599285714,True,False
VLP_100_06_14_0003.dm3,714.0639097744361,62.62781954887218,10.794234967725819,9.201653640780462,27.22653484733443,0.40817355762252056,0.40817355762252056,0.08630500840301807,True,False
VLP_100_06_14_0003.dm3,716.595567867036,917.8088642659279,12.574903186878167,10.71960208740737,29.953565742701002,0.28901688996020986,0.28901688996020986,0.32440978492096323,False,False
VLP_100_06_14_0003.dm3,723.8120567375887,203.2304964539007,11.114133352622993,9.474354220939228,,,,,False,False
VLP_100_06_14_0003.dm3,727.4415094339622,436.50943396226415,10.773925946974323,9.18434101276213,29.381651017390585,0.36036790937526997,0.36036790937526997,0.06361376110859802,True,False
VLP_100_06_14_0003.dm3,726.4334365325077,546.4953560371517,11.894667608260649,10.139728459745083,29.835637327185943,0.37954091557804415,0.37954091557804415,0.3292867322959061,False,False
VLP_100_06_14_0003.dm3,747.9291666666667,627.8875,14.500122387151102,12.360774464742066,,,,,False,False
VLP_100_06_14_0003.dm3,754.780487804878,91.51829268292683,11.986378045470884,10.217907939900583,29.631799058672758,0.28198389921409955,0.28198389921409955,0.41780581687876484,False,False
VLP_100_06_14_0003.dm3,755.1540983606558,337.3081967213115,11.558486467285265,9.853147481188747,30.08911609471203,0.3708715476599077,0.3708715476599077,0.08182736013601827,True,False
VLP_100_06_14_0003.dm3,761.426273458445,474.230563002681,12.782195777346619,10.896310731002211,29.711860986334624,0.3083659064650272,0.3083659064650272,0.37818238278403743,False,False
VLP_100_06_14_0003.dm3,778.8557993730408,411.91849529780563,11.820786970445416,10.076748170547344,29.69899508597757,0.3203738760871822,0.3203738760871822,0.05103103630798287,True,False
VLP_100_06_14_0003.dm3,785.6190476190476,993.1062271062272,10.935342067424894,9.321941800299703,29.103713464951667,0.39699433469786866,0.39699433469786866,0.06361376110859802,True,False
VLP_100_06_14_0003.dm3,794.9498525073747,547.5575221238938,12.185711680177615,10.387831891992912,28.989829804333322,0.3802232148677985,0.3802232148677985,0.054696341291648756,True,False
VLP_100_06_14_0003.dm3,826.7413793103449,372.7758620689655,11.270678151761448,9.607802401865856,29.004490551258744,0.32459952949029636,0.32459952949029636,0.08182736013601827,True,False
VLP_100_06_14_0003.dm3,832.0434782608696,287.9710144927536,12.293076853170106,10.479356408358663,29.950551545202753,0.30407053869363243,0.30407053869363243,0.07645565450614085,True,False
VLP_100_06_14_0003.dm3,835.4261241970022,823.1498929336188,14.302418756410166,12.192240025845548,,0.02946731549652115,0.02946731549652115,,False,False
VLP_100_06_14_0003.dm3,839.1344195519348,960.4949083503055,14.66532849089414,12.501606061472312,,,,,False,False
VLP_100_06_14_0003.dm3,842.4050279329609,58.68156424581006,12.52254388998473,10.674967880691588,29.488657156327154,0.33816097886961327,0.33816097886961327,0.07061665564655785,True,False
VLP_100_06_14_0003.dm3,859.306990881459,576.726443768997,12.004636057646007,10.233472165128859,29.7433814669892,0.33006779296155786,0.33006779296155786,0.16062593618750737,True,False
VLP_100_06_14_0003.dm3,866.6023054755043,168.9221902017291,12.328657468399514,10.509687459947386,,,,,False,False
VLP_100_06_14_0003.dm3,886.5530303030303,290.56439393939394,10.753578571029195,9.166995688475081,27.04354156431335,0.2574271390957484,0.2574271390957484,0.29947408243178975,False,False
VLP_100_06_14_0003.dm3,887.3394160583941,335.35036496350364,10.955351859213872,9.338999347593866,29.750454814718882,0.28764928034510706,0.28764928034510706,0.1322339680499613,True,False
VLP_100_06_14_0003.dm3,892.1619047619048,633.6126984126984,11.746441660788134,10.013371767186818,29.651255703127074,0.35792946225185074,0.35792946225185074,0.05739963260649507,True,False
VLP_100_06_14_0003.dm3,899.6045197740114,819.457627118644,12.452389030472863,10.61516366850092,29.7044595725283,0.25281494395001336,0.25281494395001336,0.07806524723258593,True,False
VLP_100_06_14_0003.dm3,904.0180722891566,29.768072289156628,12.059244236655108,10.280023453913834,28.85908872549696,0.39744814442136256,0.39744814442136256,0.08802234877744129,True,False
VLP_100_06_14_0003.dm3,919.9133333333333,555.7966666666666,11.46335327364883,9.772050238058398,28.233891416828282,0.3000774138960757,0.3000774138960757,0.03142696805273545,True,False
VLP_100_06_14_0003.dm3,939.7760617760617,511.2277992277992,10.651258655452747,9.079772052293041,27.46871946984084,0.21988778749096727,0.21988778749096727,0.27738511396970017,False,False
VLP_100_06_14_0003.dm3,948.3228840125391,979.730407523511,11.820786970445416,10.076748170547344,29.301498719752388,0.2967639185832151,0.2967639185832151,0.051570340448724675,True,False
VLP_100_06_14_0003.dm3,951.121107266436,258.598615916955,11.25122916720678,9.591222920311857,30.357912442213124,0.31273321558498546,0.31273321558498546,0.0667170381635899,True,False
VLP_100_06_14_0003.dm3,960.3682310469314,861.1119133574007,11.015163141867014,9.389986074159536,28.42703131169599,0.3764840122744371,0.3764840122744371,0.09774670983797365,True,False
VLP_100_06_14_0003.dm3,972.8461538461538,586.1404682274248,11.444231736944472,9.755749892701914,29.323294317083498,0.37436996009395496,0.37436996009395496,0.09060376100189634,True,False
VLP_100_06_14_0003.dm3,978.3333333333334,49.262172284644194,10.814505849370235,9.218933756735217,29.523871161689605,0.34023642092872225,0.34023642092872225,0.06573682103577261,True,False
VLP_100_06_14_0003.dm3,979.6092715231788,4.443708609271523,8.132789334897708,6.93287767191607,,,,,False,False
VLP_100_06_14_0003.dm3,994.136690647482,334.068345323741,11.035028195230579,9.40692023773423,29.435522591691644,0.17765441979683833,0.17765441979683833,0.11811382408863673,True,False
VLP_100_06_14_0003.dm3,996.797507788162,717.4922118380063,11.857784829209402,10.108287365572707,27.81454489557616,0.27734881634667957,0.27734881634667957,0.11775461726857434,True,False
VLP_100_06_14_0003.dm3,1001.0862068965517,209.6264367816092,12.346409324200758,10.524820207108489,,,,,False,False
VLP_100_06_14_0003.dm3,1006.3954154727794,271.6590257879656,12.364135692732415,10.539931227391522,,,,,False,False
VLP_100_06_14_0003.dm3,1006.4078947368421,640.421052631579,9.993519694788283,8.51907589177983,,,,,False,False
VLP_100_06_14_0003.dm3,1007.948905109489,545.8540145985402,10.955351859213872,9.338999347593866,,,,,False,False
VLP_100_06_14_0003.dm3,1014.3516129032258,394.53225806451616,11.652843024445058,9.933582672781009,,,,,False,False
VLP_100_06_14_0002.dm3,11.210227272727273,197.9971590909091,12.417162965470995,10.585134856802455,,,,,False,False
VLP_100_06_14_0002.dm3,11.121019108280255,121.71974522292993,11.727781694025127,9.997464891746821,,,,,False,False
VLP_100_06_14_0002.dm3,12.945679012345678,51.839506172839506,13.31921289616026,11.354096349090721,,,,,False,False
VLP_100_06_14_0002.dm3,11.480968858131488,413.24567474048445,11.25122916720678,9.591222920311857,,,,,False,False
VLP_100_06_14_0002.dm3,20.124105011933175,822.2482100238664,13.547465717228341,11.54867275105708,,,,,False,False
VLP_100_06_14_0002.dm3,25.43705463182898,486.8764845605701,13.579760079421645,11.576202403352141,,0.03863272226477865,0.03863272226477865,,False,False
VLP_100_06_14_0002.dm3,42.97115384615385,248.24679487179486,11.690372406708622,9.965574970333758,29.811263541585493,0.36380422897156917,0.36380422897156917,0.0911605688194146,True,False
VLP_100_06_14_0002.dm3,52.50579150579151,354.42471042471044,10.651258655452747,9.079772052293041,29.40462368477935,0.34103290253364094,0.34103290253364094,0.05156808089583569,True,False
VLP_100_06_14_0002.dm3,64.39322033898306,847.3254237288136,11.367423944699787,9.690274321412074,30.053915326709493,0.35242645958639246,0.35242645958639246,0.05481764881726489,True,False
VLP_100_06_14_0002.dm3,69.60763888888889,777.3472222222222,11.231746504681109,9.574614729634384,29.588007121537178,0.42507234767026403,0.42507234767026403,0.24374255032513764,False,False
VLP_100_06_14_0002.dm3,72.35158501440922,87.0806916426513,12.328657468399514,10.509687459947386,28.899008029589474,0.31695661303156303,0.31695661303156303,0.043478260869565216,True,False
VLP_100_06_14_0002.dm3,89.67584097859327,683.651376146789,11.968092179681694,10.202319970580199,29.58056202306475,0.3807614552298524,0.3807614552298524,0.20828515655195134,False,False
VLP_100_06_14_0002.dm3,110.53021978021978,999.4038461538462,12.627045372616804,10.764051215546116,,,,,False,False
VLP_100_06_14_0002.dm3,118.59517426273459,489.01876675603216,12.782195777346619,10.896310731002211,29.06854416993495,0.3508700563173374,0.3508700563173374,0.0548588733248228,True,False
VLP_100_06_14_0002.dm3,121.64896755162242,88.72566371681415,12.185711680177615,10.387831891992912,29.039930636360403,0.3570387976795662,0.3570387976795662,0.29510319492615444,False,False
VLP_100_06_14_0002.dm3,127.21910112359551,713.5786516853933,12.487515726573378,10.645107772184812,29.86332775518441,0.3420016685138741,0.3420016685138741,0.18795582119864365,True,False
VLP_100_06_14_0002.dm3,156.52097130242825,520.1743929359824,14.08640433529713,12.008096370418468,,,,,False,False
VLP_100_06_14_0002.dm3,148.72519083969465,880.2900763358779,10.712767878943417,9.13220620552083,28.022113188943788,0.295219854829923,0.295219854829923,0.17549928774784246,True,False
VLP_100_06_14_0002.dm3,150.77397260273972,770.8972602739726,11.309475781651834,9.640875829802336,30.114067714382312,0.3905987016380638,0.3905987016380638,0.046871251523059376,True,False
VLP_100_06_14_0002.dm3,160.36873156342182,382.8259587020649,12.185711680177615,10.387831891992912,30.04064788410183,0.4270758093637476,0.4270758093637476,0.08686752343480783,True,False
VLP_100_06_14_0002.dm3,159.47191011235955,827.4681647940075,10.814505849370235,9.218933756735217,29.07731055180286,0.4650906912451844,0.4650906912451844,0.06573682103577261,True,False
VLP_100_06_14_0002.dm3,166.33738601823708,316.5623100303951,12.004636057646007,10.233472165128859,27.48619692327303,0.2444645960884108,0.2444645960884108,0.10683043752728652,True,False
VLP_100_06_14_0002.dm3,169.95394736842104,269.44736842105266,11.539522571875683,9.83698151873187,29.3509981186314,0.34640900491842785,0.34640900491842785,0.04070386632407063,True,False
VLP_100_06_14_0002.dm3,175.4156626506024,588.75,12.059244236655108,10.280023453913834,30.291932426591654,0.31541357854945185,0.31541357854945185,0.07561534404761525,True,False
VLP_100_06_14_0002.dm3,184.59177215189874,902.7816455696203,11.765072031988899,10.02925341359355,28.63817969855868,0.1776108511831505,0.1776108511831505,0.28913664589601923,False,False
VLP_100_06_14_0002.dm3,197.92391304347825,996.7282608695652,10.995262198527024,9.373021315815206,27.94794571262821,0.26511759261019413,0.26511759261019413,0.05096928444310828,True,False
VLP_100_06_14_0002.dm3,201.79944289693594,696.7130919220056,12.540021280053004,10.689866656791414,30.68593342513045,0.3846583541362012,0.3846583541362012,0.06083219915509031,True,False
VLP_100_06_14_0002.dm3,219.1064425770308,946.9467787114846,12.505042073060197,10.660048281673648,31.20626311527643,0.36207911719511193,0.36207911719511193,0.07211102550927978,True,False
VLP_100_06_14_0002.dm3,225.03977272727272,180.0284090909091,12.417162965470995,10.585134856802455,29.369164451437452,0.38615623322076126,0.38615623322076126,0.04883444530412993,True,False
VLP_100_06_14_0002.dm3,229.70408163265307,572.843537414966,11.348140768907735,9.673836185197393,29.380387888431258,0.37751573607739614,0.37751573607739614,0.07069595132934192,True,False
VLP_100_06_14_0002.dm3,234.39495798319328,847.266106442577,12.505042073060197,10.660048281673648,30.013355601043063,0.34534146280340816,0.34534146280340816,0.09912695235553012,True,False
VLP_100_06_14_0002.dm3,253.2090395480226,626.7005649717514,12.452389030472863,10.61516366850092,29.088539084477777,0.3528475121418287,0.3528475121418287,0.14200527394482337,True,False
VLP_100_06_14_0002.dm3,269.89966555183946,96.85953177257525,11.444231736944472,9.755749892701914,27.966468199809867,0.28926688430433645,0.28926688430433645,0.06714866517729239,True,False
VLP_100_06_14_0002.dm3,276.9820895522388,246.62089552238805,12.113606244304961,10.32636489145962,29.882078396128584,0.3028675718900547,0.3028675718900547,0.20282742443187576,False,False
VLP_100_06_14_0002.dm3,276.8664259927798,804.4765342960288,11.015163141867014,9.389986074159536,29.770568859391332,0.2856903870399796,0.2856903870399796,0.18376547441169308,True,False
VLP_100_06_14_0002.dm3,284.45341614906835,315.3229813664596,11.876240536609929,10.124020118074668,29.395349062904952,0.3926808122583443,0.3926808122583443,0.039927663362963065,True,False
VLP_100_06_14_0002.dm3,293.6040100250627,906.7619047619048,13.220183917317952,11.269678104867614,30.026087827510256,0.3256721683476708,0.3256721683476708,0.05739963260649507,True,False
VLP_100_06_14_0002.dm3,287.4035714285714,696.8392857142857,11.074651404207282,9.440697438826296,30.44249383978823,0.36874988683994187,0.36874988683994187,0.3225116337201051,False,False
VLP_100_06_14_0002.dm3,296.5868725868726,1016.3204633204633,10.651258655452747,9.079772052293041,,,,,False,False
VLP_100_06_14_0002.dm3,298.3407643312102,752.28025477707,11.727781694025127,9.997464891746821,30.594000353747894,0.4124431600269735,0.4124431600269735,0.06768622021133469,True,False
VLP_100_06_14_0002.dm3,320.04398826979474,963.1348973607038,12.221604870375806,10.418429401242426,29.29212630496653,0.3811664231329022,0.3811664231329022,0.05892556509887897,True,False
VLP_100_06_14_0002.dm3,327.7781350482315,344.61414790996787,11.671622799762941,9.949591680222808,28.98104777211305,0.3742325402453342,0.3742325402453342,0.052584930389078854,True,False
VLP_100_06_14_0002.dm3,333.9631901840491,286.9815950920245,11.949778332411439,10.186708148166206,29.019817766449073,0.3697665991172276,0.3697665991172276,0.07385725643804128,True,False
VLP_100_06_14_0002.dm3,362.2870662460568,899.1356466876972,11.783672948002062,10.045109950630787,29.757150028574813,0.3163363005249868,0.3163363005249868,0.09233084863114344,True,False
VLP_100_06_14_0002.dm3,364.4751773049645,1007.0780141843971,11.114133352622993,9.474354220939228,,,,,False,False
VLP_100_06_14_0002.dm3,375.0694006309148,793.3911671924291,11.783672948002062,10.045109950630787,30.254191470511707,0.3638924618234039,0.3638924618234039,0.04081632653061224,True,False
VLP_100_06_14_0002.dm3,380.1463414634146,456.5731707317073,14.680255037751204,12.514330345744634,31.971823375714198,0.3759830199943513,0.3759830199943513,0.049463163158933045,True,False
VLP_100_06_14_0002.dm3,380.4905213270142,15.445497630331754,13.595878494685145,11.589942707777277,,,,,False,False
VLP_100_06_14_0002.dm3,385.4377990430622,77.11961722488039,13.531289632990973,11.534883286137944,32.252571512603915,0.27191906914348374,0.27191906914348374,0.3196733234618549,False,False
VLP_100_06_14_0002.dm3,385.3529411764706,192.31699346405227,11.577419299740544,9.869286963719311,30.01641673763616,0.34537665669483864,0.34537665669483864,0.041666666666666664,True,False
VLP_100_06_14_0002.dm3,392.9502617801047,511.5418848167539,12.93548541565843,11.026984017500345,,0.011117900086097698,0.011117900086097698,,False,False
VLP_100_06_14_0002.dm3,418.6020761245675,713.9550173010381,11.25122916720678,9.591222920311857,28.379283183981748,0.34907039805008255,0.34907039805008255,0.10579771802152095,True,False
VLP_100_06_14_0002.dm3,432.0113314447592,796.4022662889519,12.434788471809751,10.600159896099592,30.47435697180557,0.2810197317516915,0.2810197317516915,0.0969647077353515,True,False
VLP_100_06_14_0002.dm3,441.77272727272725,137.08041958041957,11.192679441949538,9.541311620975605,29.52166743281781,0.3700401079601856,0.3700401079601856,0.04832838887610785,True,False
VLP_100_06_14_0002.dm3,453.13227513227514,583.7195767195767,12.867582136064216,10.969099187147178,30.914735925946378,0.2971547636670075,0.2971547636670075,0.08263938705413373,True,False
VLP_100_06_14_0002.dm3,461.6066666666667,40.053333333333335,11.46335327364883,9.772050238058398,29.919651023248548,0.31195248257205493,0.31195248257205493,0.05481764881726489,True,False
VLP_100_06_14_0002.dm3,464.99093655589127,199.00906344410876,12.041069027777855,10.264529815185629,30.486134002058986,0.2942146252614362,0.2942146252614362,0.32286064027512684,False,False
VLP_100_06_14_0002.dm3,488.16023738872406,709.7685459940653,12.149712453273972,10.357143990692485,29.292083859303137,0.28391173828843225,0.28391173828843225,0.3620456089623445,False,False
VLP_100_06_14_0002.dm3,492.85625,955.421875,11.839300352142454,10.092530088080641,,0.010442359889607178,0.010442359889607178,,False,False
VLP_100_06_14_0002.dm3,504.9171779141104,463.6134969325153,11.949778332411439,10.186708148166206,30.4551087987848,0.39414407141145463,0.39414407141145463,0.08402733026024277,True,False
VLP_100_06_14_0002.dm3,500.17241379310343,106.84482758620689,12.346409324200758,10.524820207108489,30.18189603967924,0.38160963167199435,0.38160963167199435,0.07018276606798948,True,False
VLP_100_06_14_0002.dm3,501.3205574912892,305.0313588850174,11.212229988625282,9.557977680176279,30.350366456315385,0.34675993813751643,0.34675993813751643,0.034641016151377546,True,False
VLP_100_06_14_0002.dm3,510.95367847411444,625.4768392370572,12.67897312580511,10.808317548511017,28.38073159400803,0.24657606068648058,0.24657606068648058,0.11506649621042787,True,False
VLP_100_06_14_0002.dm3,519.2101449275362,510.77536231884056,13.466390987251781,11.479559785988718,29.803636249182254,0.19981092192282224,0.19981092192282224,0.20748125068968304,False,False
VLP_100_06_14_0002.dm3,520.4254658385094,182.96583850931677,11.876240536609929,10.124020118074668,31.133265316531222,0.3473861552964822,0.3473861552964822,0.06466420622009483,True,False
VLP_100_06_14_0002.dm3,526.5710227272727,358.4005681818182,12.417162965470995,10.585134856802455,29.517653071398914,0.3445449757461728,0.3445449757461728,0.09028807074859496,True,False
VLP_100_06_14_0002.dm3,539.405572755418,22.39938080495356,11.894667608260649,10.139728459745083,,,,,False,False
VLP_100_06_14_0002.dm3,540.1863799283154,848.5627240143369,11.054857552095463,9.423823971471327,28.81619852573378,0.421738808674439,0.421738808674439,0.07205976400331869,True,False
VLP_100_06_14_0002.dm3,567.756183745583,796.5865724381625,11.133821823950438,9.491137855389772,29.351274187306625,0.376176912612754,0.376176912612754,0.05103103630798287,True,False
VLP_100_06_14_0002.dm3,587.8658146964856,392.91373801916933,11.709091990206698,9.981532666656284,29.256163314005285,0.3839129121721074,0.3839129121721074,0.061224489795918366,True,False
VLP_100_06_14_0002.dm3,596.4026666666666,525.832,12.816418584986767,10.925484305920792,30.28001582730994,0.3103291261414775,0.3103291261414775,0.1931212927081479,True,False
VLP_100_06_14_0002.dm3,594.8888888888889,863.1333333333333,13.31921289616026,11.354096349090721,28.830108425981397,0.36377902460038536,0.36377902460038536,0.04604453427965224,True,False
VLP_100_06_14_0002.dm3,605.4888888888889,218.26666666666668,11.746441660788134,10.013371767186818,29.526527892530734,0.3305581498550674,0.3305581498550674,0.06020181367161788,True,False
VLP_100_06_14_0002.dm3,604.5574324324324,603.5,11.386674464747042,9.706684619910241,29.80055173853943,0.3880340656453676,0.3880340656453676,0.08355004140203971,True,False
VLP_100_06_14_0002.dm3,607.8603988603988,37.712250712250714,12.39951240506965,10.57008845991889,30.235488140070572,0.3257203813173436,0.3257203813173436,0.06400771681684514,True,False
VLP_100_06_14_0002.dm3,608.3657817109145,461.78761061946904,12.185711680177615,10.387831891992912,31.722323233833116,0.324604974680478,0.324604974680478,0.058364467274751385,True,False
VLP_100_06_14_0002.dm3,635.9946524064171,889.2433155080214,12.799318619286183,10.910907269000948,28.209677206997263,0.17284253554878654,0.17284253554878654,0.20650152093677435,False,False
VLP_100_06_14_0002.dm3,641.7325842696629,178.91460674157304,13.961467017357876,11.901592303208293,28.614291005612447,0.36021418827534557,0.36021418827534557,0.2873911867640085,False,False
VLP_100_06_14_0002.dm3,652.7903682719547,418.5637393767705,12.434788471809751,10.600159896099592,30.102321381204646,0.3271531719066164,0.3271531719066164,0.0969647077353515,True,False
VLP_100_06_14_0002.dm3,654.5283018867924,346.89150943396226,13.62805813377014,11.617374563210365,31.09074919651777,0.18479227199150255,0.18479227199150255,0.27117793709813387,False,False
VLP_100_06_14_0002.dm3,658.5446685878962,101.79538904899135,12.328657468399514,10.509687459947386,29.85745466738187,0.2821443575594707,0.2821443575594707,0.05779193676710074,True,False
VLP_100_06_14_0002.dm3,664.5221843003413,678.6348122866895,11.328824770617542,9.657370069115643,30.704207416083417,0.31097828260108956,0.31097828260108956,0.09510149236139692,True,False
VLP_100_06_14_0002.dm3,691.7259615384615,197.53125,13.498879311880392,11.507254783503184,,,,,False,False
VLP_100_06_14_0002.dm3,719.0910973084887,791.3664596273292,14.545364688625904,12.399341717477219,29.31937842644213,0.28371001712706967,0.28371001712706967,0.10241781254862928,True,False
VLP_100_06_14_0002.dm3,720.476404494382,595.4966292134832,13.961467017357876,11.901592303208293,30.144994407912787,0.34626087296747804,0.34626087296747804,0.06132441406718666,True,False
VLP_100_06_14_0002.dm3,733.4942965779468,322.9771863117871,10.733192621755656,9.149617481968136,29.238643440375228,0.3965347340610019,0.3965347340610019,0.041666666666666664,True,False
VLP_100_06_14_0002.dm3,742.2338461538461,372.67692307692306,11.931436374811778,10.171072362820547,29.33931937782415,0.3873637221612304,0.3873637221612304,0.04658474953124562,True,False
VLP_100_06_14_0002.dm3,761.1852791878173,1012.6878172588832,13.137089543341439,11.198843474056307,,,,,False,False
VLP_100_06_14_0002.dm3,769.1715686274509,425.02941176470586,13.368452298452745,11.396070970426017,29.154639979608135,0.26323635897051945,0.26323635897051945,0.3848096588296886,False,False
VLP_100_06_14_0002.dm3,770.5869565217391,58.528985507246375,13.466390987251781,11.479559785988718,28.41683723081993,0.3668023888788321,0.3668023888788321,0.028448938828651512,True,False
VLP_100_06_14_0002.dm3,769.9459459459459,691.1389961389962,10.651258655452747,9.079772052293041,27.971906666469646,0.2740812425213592,0.2740812425213592,0.07288740007467336,True,False
VLP_100_06_14_0002.dm3,776.4069400630915,923.3880126182966,11.783672948002062,10.045109950630787,30.00220250947974,0.3117161488904537,0.3117161488904537,0.352249885240235,False,False
VLP_100_06_14_0002.dm3,787.1770833333334,316.8541666666667,12.969303735894556,11.055812783082736,29.302453327700515,0.3672063359738333,0.3672063359738333,0.09796165138864837,True,False
VLP_100_06_14_0002.dm3,789.1231231231232,614.3723723723724,12.077392093779503,10.295493776366547,28.629432591623655,0.3664921907787162,0.3664921907787162,0.04554675553068302,True,False
VLP_100_06_14_0002.dm3,802.0061349693251,809.7269938650306,11.949778332411439,10.186708148166206,30.126929072945988,0.29542095245836913,0.29542095245836913,0.08333333333333333,True,False
VLP_100_06_14_0002.dm3,807.1047904191616,543.1167664670659,12.095512722265058,10.31094088749354,29.942293198593095,0.32223648519508014,0.32223648519508014,0.06366945972769175,True,False
VLP_100_06_14_0002.dm3,841.4484536082474,876.0309278350516,13.03667719567534,11.11324596323283,30.61715553585047,0.36311601190962073,0.36311601190962073,0.08017428215347244,True,False
VLP_100_06_14_0002.dm3,841.198606271777,657.794425087108,11.212229988625282,9.557977680176279,29.373198049800987,0.3356457196874742,0.3356457196874742,0.052584930389078854,True,False
VLP_100_06_14_0002.dm3,842.853125,406.575,11.839300352142454,10.092530088080641,29.023301980129514,0.3256393621932196,0.3256393621932196,0.06588078458684124,True,False
VLP_100_06_14_0002.dm3,849.4612794612794,520.7373737373738,11.405892494395632,9.72306722164286,28.400331292283084,0.3105985709784538,0.3105985709784538,0.08314794192830981,True,False
VLP_100_06_14_0002.dm3,849.7587412587412,756.2727272727273,11.192679441949538,9.541311620975605,29.37528858672241,0.3975475384180778,0.3975475384180778,0.06083219915509031,True,False
VLP_100_06_14_0002.dm3,860.9123711340206,109.14690721649484,13.03667719567534,11.11324596323283,30.43104569396418,0.3208004927102038,0.3208004927102038,0.08599530124922546,True,False
VLP_100_06_14_0002.dm3,863.7449275362319,18.556521739130435,12.293076853170106,10.479356408358663,,,,,False,False
VLP_100_06_14_0002.dm3,866.1812297734627,1001.915857605178,11.63403293466069,9.91754782346883,,,,,False,False
VLP_100_06_14_0002.dm3,887.8960573476703,932.5232974910394,11.054857552095463,9.423823971471327,29.921042498719586,0.4295048165650581,0.4295048165650581,0.034641016151377546,True,False
VLP_100_06_14_0002.dm3,892.394495412844,225.217125382263,11.968092179681694,10.202319970580199,27.8445841450559,0.2851031602423789,0.2851031602423789,0.29542868261033106,False,False
VLP_100_06_14_0002.dm3,907.0649819494585,404.79783393501805,11.015163141867014,9.389986074159536,28.42187011560842,0.28345431387277553,0.28345431387277553,0.08636661918290674,True,False
VLP_100_06_14_0002.dm3,913.930412371134,751.0128865979382,13.03667719567534,11.11324596323283,30.442664640264887,0.36855863029807456,0.36855863029807456,0.06765888996502663,True,False
VLP_100_06_14_0002.dm3,916.8308270676691,1009.5225563909775,10.794234967725819,9.201653640780462,,,,,False,False
VLP_100_06_14_0002.dm3,931.2445255474453,34.47445255474452,10.955351859213872,9.338999347593866,29.616285416151243,0.33654841576651473,0.33654841576651473,0.08963531400051543,True,False
VLP_100_06_14_0002.dm3,933.4118895966029,539.8492569002124,14.363540482557434,12.244343853084386,31.549122061720215,0.3454027081209427,0.3454027081209427,0.0770607177979978,True,False
VLP_100_06_14_0002.dm3,936.7802816901409,921.4281690140845,12.469964747096487,10.630146264057032,28.406757817603108,0.35496422881626116,0.35496422881626116,0.08992441904354799,True,False
VLP_100_06_14_0002.dm3,932.5957446808511,833.1823708206687,12.004636057646007,10.233472165128859,29.51305714898887,0.36985408658767294,0.36985408658767294,0.09312101115961707,True,False
VLP_100_06_14_0002.dm3,946.8340336134454,142.51680672268907,14.439578814217802,12.309163489997376,30.209223921059017,0.21812412777485135,0.21812412777485135,0.20177675980435547,False,False
VLP_100_06_14_0002.dm3,953.9134615384615,645.4615384615385,11.690372406708622,9.965574970333758,,,,,False,False
VLP_100_06_14_0002.dm3,979.3402985074626,889.0626865671642,12.113606244304961,10.32636489145962,29.761970776903684,0.35824536813649194,0.35824536813649194,0.06327122086297036,True,False
VLP_100_06_14_0002.dm3,982.8524590163935,792.7081967213114,11.558486467285265,9.853147481188747,28.204599507556875,0.2232884053004256,0.2232884053004256,0.11122667132030754,True,False
VLP_100_06_14_0002.dm3,997.9443099273608,82.94188861985472,13.450117397032182,11.465687201119065,27.01012130543375,0.16283688761039078,0.16283688761039078,0.058858400853925914,True,False
VLP_100_06_14_0002.dm3,1003.2472727272727,563.8181818181819,10.97532516997875,9.356025796273888,,,,,False,False
VLP_100_06_14_0002.dm3,1011.0883054892602,422.1837708830549,13.547465717228341,11.54867275105708,,,,,False,False
VLP_100_06_14_0002.dm3,1018.3276836158192,353.11299435028246,8.80516872542034,7.506054213402069,,,,,False,False
VLP_100_06_14_0001.dm3,8.888535031847134,223.28662420382165,11.727781694025127,9.997464891746821,,,,,False,False
VLP_100_06_14_0001.dm3,26.16343490304709,523.9806094182826,12.574903186878167,10.71960208740737,,0.0860070802326065,0.0860070802326065,,False,False
VLP_100_06_14_0001.dm3,30.791907514450866,140.48265895953756,12.310880015073453,10.49453289192004,30.608418808308823,0.33383024994908395,0.33383024994908395,0.0721647852673794,True,False
VLP_100_06_14_0001.dm3,41.392857142857146,966.2916666666666,12.131672781181184,10.341765891652821,29.32860415753067,0.3156362046193043,0.3156362046193043,0.1042336060758799,True,False
VLP_100_06_14_0001.dm3,48.666666666666664,658.3362831858407,12.185711680177615,10.387831891992912,29.184646920998425,0.37487921702540233,0.37487921702540233,0.04604453427965224,True,False
VLP_100_06_14_0001.dm3,59.46350364963504,861.5839416058394,10.955351859213872,9.338999347593866,29.93546711369564,0.21585553482752878,0.21585553482752878,0.20199009876724155,False,False
VLP_100_06_14_0001.dm3,68.58558558558559,748.8798798798799,12.077392093779503,10.295493776366547,29.941028324785613,0.2943664789292235,0.2943664789292235,0.024099655896043813,True,False
VLP_100_06_14_0001.dm3,77.45121951219512,565.5,13.40117805684198,11.423968370726268,29.59665013354657,0.3031943190959729,0.3031943190959729,0.3738684187819679,False,False
VLP_100_06_14_0001.dm3,80.81120943952803,349.4985250737463,12.185711680177615,10.387831891992912,29.50196950804808,0.3356115565281081,0.3356115565281081,0.08616160812497316,True,False
VLP_100_06_14_0001.dm3,80.44808743169399,498.90710382513663,12.661687537500676,10.793582275744573,29.02854504796153,0.2906512967101611,0.2906512967101611,0.18670136994451325,True,False
VLP_100_06_14_0001.dm3,94.91691394658754,625.3738872403561,12.149712453273972,10.357143990692485,30.126816695281153,0.31035109366687147,0.31035109366687147,0.3655649359626223,False,False
VLP_100_06_14_0001.dm3,94.84365781710915,220.1769911504425,12.185711680177615,10.387831891992912,,0.02117900158731978,0.02117900158731978,,False,False
VLP_100_06_14_0001.dm3,103.96142433234421,916.1810089020771,12.149712453273972,10.357143990692485,29.50489651939566,0.346978976820086,0.346978976820086,0.0667170381635899,True,False
VLP_100_06_14_0001.dm3,119.51672862453532,870.9628252788104,10.854934049603413,9.25339718068125,29.282446846914134,0.31236724324466336,0.31236724324466336,0.04081632653061224,True,False
VLP_100_06_14_0001.dm3,127.17027863777089,419.44582043343655,11.894667608260649,10.139728459745083,29.464077316939854,0.3759813966150364,0.3759813966150364,0.0548588733248228,True,False
VLP_100_06_14_0001.dm3,132.58766233766235,981.4577922077922,11.615192383132591,9.901487006738307,29.65788760579413,0.3273166812929419,0.3273166812929419,0.04081632653061224,True,False
VLP_100_06_14_0001.dm3,140.5705329153605,562.6677115987461,11.820786970445416,10.076748170547344,29.09679920925744,0.20793621426291692,0.20793621426291692,0.21447610589527216,False,False
VLP_100_06_14_0001.dm3,160.62762762762762,491.15615615615616,12.077392093779503,10.295493776366547,29.223323995151055,0.23341097877803407,0.23341097877803407,0.10933927880292527,True,False
VLP_100_06_14_0001.dm3,167.71761658031087,283.9637305699482,13.00303410166508,11.084566571000565,29.397996470920496,0.3788322532486856,0.3788322532486856,0.08801454593411237,True,False
VLP_100_06_14_0001.dm3,167.20634920634922,777.6122448979592,13.898577206549552,11.847981254502882,28.846882198178918,0.30496201476666923,0.30496201476666923,0.07074201366482863,True,False
VLP_100_06_14_0001.dm3,162.42372881355934,905.8915254237288,11.367423944699787,9.690274321412074,28.908483635835907,0.3520126021722216,0.3520126021722216,0.09355994123490094,True,False
VLP_100_06_14_0001.dm3,170.8482972136223,629.7523219814242,11.894667608260649,10.139728459745083,,0.04462755324623824,0.04462755324623824,,False,False
VLP_100_06_14_0001.dm3,175.10153846153847,181.48307692307694,11.931436374811778,10.171072362820547,29.52340383489662,0.2615093876801847,0.2615093876801847,0.06573682103577261,True,False
VLP_100_06_14_0001.dm3,209.64217252396165,410.2843450479233,11.709091990206698,9.981532666656284,29.09776993711191,0.3253887213837803,0.3253887213837803,0.08801454593411237,True,False
VLP_100_06_14_0001.dm3,213.7460732984293,67.36649214659685,12.93548541565843,11.026984017500345,,0.0233048104294149,0.0233048104294149,,False,False
VLP_100_06_14_0001.dm3,214.25479452054793,237.9890410958904,12.644378318830535,10.778826859036359,29.80831150823022,0.34231548840550496,0.34231548840550496,0.06466420622009483,True,False
VLP_100_06_14_0001.dm3,226.6993006993007,452.59090909090907,11.192679441949538,9.541311620975605,26.914320192442563,0.2889616739723248,0.2889616739723248,0.07872958216222169,True,False
VLP_100_06_14_0001.dm3,231.98060941828254,765.5318559556787,12.574903186878167,10.71960208740737,28.707606166583627,0.37969624573414845,0.37969624573414845,0.049106046504506014,True,False
VLP_100_06_14_0001.dm3,238.8221476510067,551.0469798657718,11.42507819760105,9.739422266375435,30.250771832448997,0.30951899272177685,0.30951899272177685,0.07213564069235202,True,False
VLP_100_06_14_0001.dm3,246.29793510324484,361.1799410029499,12.185711680177615,10.387831891992912,28.56008031313967,0.29622845545391663,0.29622845545391663,0.1998263134713633,True,False
VLP_100_06_14_0001.dm3,249.32298136645963,282.94099378881987,11.876240536609929,10.124020118074668,29.720055951081033,0.3310203877203568,0.3310203877203568,0.07056648490117871,True,False
VLP_100_06_14_0001.dm3,272.74931129476585,98.99173553719008,12.609688601013714,10.749255261864239,29.980301508726978,0.3987039818437459,0.3987039818437459,0.07009196506978592,True,False
VLP_100_06_14_0001.dm3,274.734693877551,151.1137026239067,12.257392955386972,10.448937312523231,30.094936391307574,0.3219037238884944,0.3219037238884944,0.10018713366414542,False,True
VLP_100_06_14_0001.dm3,277.1375661375661,828.3597883597884,12.867582136064216,10.969099187147178,28.109073594268544,0.32027948990432614,0.32027948990432614,0.05629258108648065,True,False
VLP_100_06_14_0001.dm3,275.32608695652175,418.1277173913044,12.696235180260187,10.823032759612019,28.24406574990998,0.29526159111377565,0.29526159111377565,0.19943982341121835,True,False
VLP_100_06_14_0001.dm3,292.76666666666665,962.9205128205128,13.07023369184415,11.141851534268367,30.365635903908817,0.3401528453842831,0.3401528453842831,0.0565685424949238,True,False
VLP_100_06_14_0001.dm3,302.3126684636119,785.0970350404313,12.747881095901436,10.86705883733894,29.296805490916526,0.37029915281131054,0.37029915281131054,0.06083219915509031,True,False
VLP_100_06_14_0001.dm3,299.2997198879552,246.9439775910364,12.505042073060197,10.660048281673648,28.738050066674877,0.37390607129759357,0.37390607129759357,0.329497244183256,False,False
VLP_100_06_14_0001.dm3,314.1595238095238,669.0166666666667,13.563622509752527,11.562445770562215,,,,,False,False
VLP_100_06_14_0001.dm3,314.18015665796344,180.4177545691906,12.952405613101382,11.041407809169618,46.74828373713757,0.18034249772771843,0.18034249772771843,0.11383260272307721,False,True
VLP_100_06_14_0001.dm3,314.4326923076923,914.3782051282051,11.690372406708622,9.965574970333758,29.085968514150576,0.34819056814103666,0.34819056814103666,0.07517293082676685,True,False
VLP_100_06_14_0001.dm3,347.81907894736844,35.108552631578945,11.539522571875683,9.83698151873187,29.300051240723988,0.36405391644347435,0.36405391644347435,0.06588078458684124,True,False
VLP_100_06_14_0001.dm3,347.33986928104576,1013.0326797385621,11.577419299740544,9.869286963719311,,,,,False,False
VLP_100_06_14_0001.dm3,350.2352941176471,112.63903743315508,12.799318619286183,10.910907269000948,28.955204785875395,0.2180896968741371,0.2180896968741371,0.10893876356932279,True,False
VLP_100_06_14_0001.dm3,354.8351063829787,500.3031914893617,12.833495765892566,10.940041919714261,28.02996570226685,0.24463587831586836,0.24463587831586836,0.08305291887197085,True,False
VLP_100_06_14_0001.dm3,354.2594752186589,711.7405247813412,12.257392955386972,10.448937312523231,27.86167003900887,0.22388933924174248,0.22388933924174248,0.08342561186071552,True,False
VLP_100_06_14_0001.dm3,372.9791666666667,839.6279761904761,12.131672781181184,10.341765891652821,29.999834733843684,0.3266007888634211,0.3266007888634211,0.033501260508640406,True,False
VLP_100_06_14_0001.dm3,382.08761329305133,585.6283987915408,12.041069027777855,10.264529815185629,28.1264337100851,0.3029214927235408,0.3029214927235408,0.29843493007640687,False,False
VLP_100_06_14_0001.dm3,388.5561797752809,955.7162921348314,12.487515726573378,10.645107772184812,29.82965577559626,0.26367455752662994,0.26367455752662994,0.3091174249465296,False,False
VLP_100_06_14_0001.dm3,383.54341736694676,171.28011204481794,12.505042073060197,10.660048281673648,,,,,False,False
VLP_100_06_14_0001.dm3,385.7173913043478,78.5570652173913,12.696235180260187,10.823032759612019,29.41233645437646,0.3060441574107556,0.3060441574107556,0.10203896858112169,True,False
VLP_100_06_14_0001.dm3,393.67609254498717,359.5141388174807,13.053466226708894,11.127557940783529,29.420650070354426,0.31640682923040236,0.31640682923040236,0.08189086883421186,True,False
VLP_100_06_14_0001.dm3,394.0623052959502,779.7071651090342,11.857784829209402,10.108287365572707,29.38718347950363,0.2889347628747128,0.2889347628747128,0.14336583458970686,True,False
VLP_100_06_14_0001.dm3,399.9702380952381,417.30059523809524,12.131672781181184,10.341765891652821,29.25859662344239,0.33400007785597896,0.33400007785597896,0.06765888996502663,True,False
VLP_100_06_14_0001.dm3,404.8791208791209,516.0879120879121,10.935342067424894,9.321941800299703,29.017056796558176,0.3037313814719522,0.3037313814719522,0.32473765635439544,False,False
VLP_100_06_14_0001.dm3,427.4475308641975,572.1543209876543,11.913066177042474,10.155412503859614,27.877615277879592,0.35304888830889414,0.35304888830889414,0.2038527828173731,False,False
VLP_100_06_14_0001.dm3,444.1658031088083,884.699481865285,13.00303410166508,11.084566571000565,30.09098780583099,0.37907162320726007,0.37907162320726007,0.06765888996502663,True,False
VLP_100_06_14_0001.dm3,450.82142857142856,687.282967032967,12.627045372616804,10.764051215546116,29.570680443482793,0.3456799847716537,0.3456799847716537,0.03842589889686872,True,False
VLP_100_06_14_0001.dm3,449.3125,742.0,11.839300352142454,10.092530088080641,29.10267534055339,0.39092773171379946,0.39092773171379946,0.08228394578796708,True,False
VLP_100_06_14_0001.dm3,461.55652173913046,285.0608695652174,12.293076853170106,10.479356408358663,29.902123132071058,0.35957090758036336,0.35957090758036336,0.14422205101855956,True,False
VLP_100_06_14_0001.dm3,465.56733524355303,832.054441260745,12.364135692732415,10.539931227391522,29.45031768795464,0.34046405725051265,0.34046405725051265,0.07390521369564307,True,False
VLP_100_06_14_0001.dm3,475.8566666666667,971.0166666666667,11.46335327364883,9.772050238058398,29.762706213855026,0.2992341964255029,0.2992341964255029,0.03534797566467096,True,False
VLP_100_06_14_0001.dm3,480.9526462395543,417.45961002785515,12.540021280053004,10.689866656791414,30.30524821342928,0.326765982334238,0.326765982334238,0.4056168996565282,False,False
VLP_100_06_14_0001.dm3,482.5725806451613,211.8709677419355,12.765049967110564,10.881694613449236,30.79794799237323,0.2922342147682223,0.2922342147682223,0.11729797972726574,True,False
VLP_100_06_14_0001.dm3,491.15064102564105,616.5673076923077,11.690372406708622,9.965574970333758,29.069203115919382,0.3301437052980522,0.3301437052980522,0.10010950906730884,True,False
VLP_100_06_14_0001.dm3,505.1491712707182,911.0193370165746,12.592307905501157,10.734438914006276,30.651368782850277,0.2871319351411084,0.2871319351411084,0.392344649557346,False,False
VLP_100_06_14_0001.dm3,501.82880434782606,788.9782608695652,12.696235180260187,10.823032759612019,29.191707460192028,0.3360246950743743,0.3360246950743743,0.1812178734428032,True,False
VLP_100_06_14_0001.dm3,512.7333333333333,678.9206349206349,11.746441660788134,10.013371767186818,29.509528800209292,0.3041614371071843,0.3041614371071843,0.082671790554761,True,False
VLP_100_06_14_0001.dm3,524.764857881137,728.7364341085271,13.019866515316247,11.098915530497878,29.012955491482977,0.35920674509783557,0.35920674509783557,0.08722257069443706,True,False
VLP_100_06_14_0001.dm3,530.0183727034121,948.5669291338583,12.918543056828184,11.012541334134653,30.767446398531018,0.18542918529561053,0.18542918529561053,0.14817186678443214,True,False
VLP_100_06_14_0001.dm3,540.105,440.32,13.236740196713859,11.283791670955125,31.498375770073654,0.33905193879900314,0.33905193879900314,0.04070603755157661,True,False
VLP_100_06_14_0001.dm3,566.9170212765957,234.82340425531916,14.348284460745752,12.231338704589191,30.376689001158706,0.2750097607152856,0.2750097607152856,0.09546529654039476,True,False
VLP_100_06_14_0001.dm3,561.7663230240549,575.5498281786942,11.29009363239212,9.624353322664494,30.13663241985244,0.3202882342264693,0.3202882342264693,0.06113535187783337,True,False
VLP_100_06_14_0001.dm3,581.2816326530613,507.7795918367347,10.359387808124644,8.83096382707056,29.954497280928862,0.3010275914423639,0.3010275914423639,0.2974514519297965,False,False
VLP_100_06_14_0001.dm3,582.7643504531723,632.9003021148036,12.041069027777855,10.264529815185629,30.21650901658029,0.31873544549827837,0.31873544549827837,0.04563404035713857,True,False
VLP_100_06_14_0001.dm3,593.7960893854748,347.0,12.52254388998473,10.674967880691588,29.813670842919354,0.23047036796404535,0.23047036796404535,0.32974866164165867,False,False
VLP_100_06_14_0001.dm3,611.7470930232558,850.9098837209302,12.27524787083171,10.464157913908982,29.735322977744783,0.3307347982651746,0.3307347982651746,0.09686442096757053,True,False
VLP_100_06_14_0001.dm3,617.1487889273357,947.3944636678201,11.25122916720678,9.591222920311857,29.886202850238924,0.28618774781994694,0.28618774781994694,0.056240044068990115,True,False
VLP_100_06_14_0001.dm3,628.6212121212121,267.92727272727274,12.022866343103168,10.249012754438885,30.034878260477832,0.27573077198640616,0.27573077198640616,0.11846307154957493,True,False
VLP_100_06_14_0001.dm3,632.0060975609756,433.0853658536585,11.986378045470884,10.217907939900583,30.399009228773455,0.3551176982933625,0.3551176982933625,0.07018276606798948,True,False
VLP_100_06_14_0001.dm3,645.2409638554217,729.1385542168674,12.059244236655108,10.280023453913834,28.2571816206331,0.36047703371416995,0.36047703371416995,0.07708598895992287,True,False
VLP_100_06_14_0001.dm3,653.702786377709,680.3560371517028,11.894667608260649,10.139728459745083,28.059023613359415,0.32415730624893835,0.32415730624893835,0.06985323234227074,True,False
VLP_100_06_14_0001.dm3,656.1413793103449,633.2275862068966,11.270678151761448,9.607802401865856,28.60784179980539,0.33805726651783385,0.33805726651783385,0.06280513534390406,True,False
VLP_100_06_14_0001.dm3,662.6766304347826,59.12228260869565,12.696235180260187,10.823032759612019,28.534498821869352,0.29009170794740885,0.29009170794740885,0.05961044871385636,True,False
VLP_100_06_14_0001.dm3,683.3762886597938,517.6984536082474,13.03667719567534,11.11324596323283,30.091177773792182,0.2376004483940053,0.2376004483940053,0.07874965882679101,True,False
VLP_100_06_14_0001.dm3,689.611620795107,242.92660550458714,11.968092179681694,10.202319970580199,29.91888151050168,0.29506733108339067,0.29506733108339067,0.24642385449208568,False,False
VLP_100_06_14_0001.dm3,686.2235294117647,332.0470588235294,12.203671471323924,10.403141895720198,29.210990168211534,0.4032330596172236,0.4032330596172236,0.04753045142949513,True,False
VLP_100_06_14_0001.dm3,696.7023411371238,469.0033444816053,11.444231736944472,9.755749892701914,29.699491151823505,0.32827526370602106,0.32827526370602106,0.337099215352564,False,False
VLP_100_06_14_0001.dm3,703.2225913621262,377.63787375415285,11.482442967594642,9.788323438736636,27.37224770826456,0.2782249765720918,0.2782249765720918,0.13469572482926062,True,False
VLP_100_06_14_0001.dm3,713.8605341246291,804.1513353115727,12.149712453273972,10.357143990692485,28.401445342560447,0.3105640200676534,0.3105640200676534,0.06680592593911396,True,False
VLP_100_06_14_0001.dm3,714.23125,631.86875,11.839300352142454,10.092530088080641,28.847969449708458,0.4391678214420008,0.4391678214420008,0.08250378189540375,True,False
VLP_100_06_14_0001.dm3,717.1755485893417,916.0438871473355,11.820786970445416,10.076748170547344,29.485098127870632,0.42042572255267185,0.42042572255267185,0.0425531914893617,True,False
VLP_100_06_14_0001.dm3,717.2056338028169,1005.8281690140846,12.469964747096487,10.630146264057032,,,,,False,False
VLP_100_06_14_0001.dm3,732.9915254237288,569.5847457627119,12.452389030472863,10.61516366850092,29.12274680816317,0.3308440365590313,0.3308440365590313,0.05652182442816432,True,False
VLP_100_06_14_0001.dm3,735.5854341736695,310.05322128851543,12.505042073060197,10.660048281673648,29.101970764734023,0.3462512279183093,0.3462512279183093,0.040768245749551756,True,False
VLP_100_06_14_0001.dm3,741.2875399361022,211.96805111821087,11.709091990206698,9.981532666656284,29.760310577954453,0.3137069861174815,0.3137069861174815,0.04511773815896238,True,False
VLP_100_06_14_0001.dm3,752.7875288683603,444.0762124711316,13.77193604928925,11.740024732409271,30.420646832158077,0.2797211700002349,0.2797211700002349,0.3395725589045284,False,False
VLP_100_06_14_0001.dm3,761.1143911439115,889.7269372693727,10.895212236409902,9.287732724180174,29.04865049298231,0.36033286814229454,0.36033286814229454,0.0721647852673794,True,False
VLP_100_06_14_0001.dm3,769.7226890756302,150.48459383753502,12.505042073060197,10.660048281673648,30.158116987604508,0.40648251101535077,0.40648251101535077,0.0701536800055089,True,False
VLP_100_06_14_0001.dm3,780.5622009569378,668.7846889952153,13.531289632990973,11.534883286137944,30.348616283703116,0.3060457054787251,0.3060457054787251,0.06695776157160666,True,False
VLP_100_06_14_0001.dm3,786.341726618705,399.8705035971223,11.035028195230579,9.40692023773423,29.667767679504784,0.3813513899551355,0.3813513899551355,0.10196555999616151,True,False
VLP_100_06_14_0001.dm3,800.0438144329897,288.88659793814435,13.03667719567534,11.11324596323283,29.8177885231479,0.27455056652585164,0.27455056652585164,0.08926612915656006,True,False
VLP_100_06_14_0001.dm3,798.5572755417957,8.037151702786378,11.894667608260649,10.139728459745083,,,,,False,False
VLP_100_06_14_0001.dm3,812.7650429799427,533.1318051575931,12.364135692732415,10.539931227391522,28.28569001002597,0.24784179493656455,0.24784179493656455,0.11482854857511278,True,False
VLP_100_06_14_0001.dm3,812.8391959798995,984.9924623115578,13.203606877672629,11.255546841497692,30.676251914262544,0.24945968841607824,0.24945968841607824,0.05551442201765835,True,False
VLP_100_06_14_0001.dm3,810.4849397590361,185.3343373493976,12.059244236655108,10.280023453913834,28.98886509656447,0.3004485425136956,0.3004485425136956,0.26723854167524813,False,False
VLP_100_06_14_0001.dm3,812.0538461538462,821.1641025641026,13.07023369184415,11.141851534268367,30.03206433044483,0.283603928643643,0.283603928643643,0.09589930083309789,True,False
VLP_100_06_14_0001.dm3,813.5395894428152,749.6099706744868,12.221604870375806,10.418429401242426,29.72004920314596,0.34290829935509426,0.34290829935509426,0.0278500138006799,True,False
VLP_100_06_14_0001.dm3,825.468085106383,879.2792553191489,12.833495765892566,10.940041919714261,29.4465748899736,0.3159680082248714,0.3159680082248714,0.06760245901342268,True,False
VLP_100_06_14_0001.dm3,837.6373626373627,383.33186813186813,14.117465904072667,12.034575115625177,30.957793939322503,0.21150411540842678,0.21150411540842678,0.11055643452567303,True,False
VLP_100_06_14_0001.dm3,833.3249211356467,486.62776025236593,11.783672948002062,10.045109950630787,28.796310984999852,0.3787179807736766,0.3787179807736766,0.26505026704068185,False,False
VLP_100_06_14_0001.dm3,834.5919540229885,95.94540229885058,12.346409324200758,10.524820207108489,29.675058112693275,0.333917717121442,0.333917717121442,0.14125788905520237,True,False
VLP_100_06_14_0001.dm3,866.8473282442748,223.91857506361322,13.1204075181445,11.18462271470208,30.882958993791966,0.29941540238954034,0.29941540238954034,0.2100245935790816,False,False
VLP_100_06_14_0001.dm3,873.2371794871794,1009.6495726495726,14.317723649774134,12.205286835384658,,,,,False,False
VLP_100_06_14_0001.dm3,872.9387755102041,143.54421768707482,11.348140768907735,9.673836185197393,29.769454119937805,0.3344858520739899,0.3344858520739899,0.32422826363867285,False,False
VLP_100_06_14_0001.dm3,876.4771241830065,516.6078431372549,11.577419299740544,9.869286963719311,28.897790057624356,0.31937741123236774,0.31937741123236774,0.05962660142637378,True,False
VLP_100_06_14_0001.dm3,878.1591591591591,45.06306306306306,12.077392093779503,10.295493776366547,29.271406563431647,0.3377924731538248,0.3377924731538248,0.052584930389078854,True,False
VLP_100_06_14_0001.dm3,880.1532663316583,626.4547738693467,13.203606877672629,11.255546841497692,29.44885057493388,0.3208922561780548,0.3208922561780548,0.041666666666666664,True,False
VLP_100_06_14_0001.dm3,918.1912751677852,864.4228187919463,11.42507819760105,9.739422266375435,,,,,False,False
VLP_100_06_14_0001.dm3,920.3442211055276,185.0854271356784,13.203606877672629,11.255546841497692,31.329035253035403,0.36550869165870076,0.36550869165870076,0.06150985469716337,True,False
VLP_100_06_14_0001.dm3,924.1428571428571,365.4345238095238,12.131672781181184,10.341765891652821,29.795991138841355,0.30565100665203354,0.30565100665203354,0.11186441540669828,True,False
VLP_100_06_14_0001.dm3,932.6953125,560.7447916666666,12.969303735894556,11.055812783082736,28.74021941485866,0.3757223376905694,0.3757223376905694,0.09787703324985629,True,False
VLP_100_06_14_0001.dm3,933.6483870967742,271.6677419354839,11.652843024445058,9.933582672781009,30.03042951410658,0.2680728344249499,0.2680728344249499,0.24929595840465057,False,False
VLP_100_06_14_0001.dm3,948.9905063291139,680.3639240506329,11.765072031988899,10.02925341359355,29.216414058009107,0.25638936405695717,0.25638936405695717,0.346934585837292,False,False
VLP_100_06_14_0001.dm3,953.8010610079575,773.6525198938992,12.850550252840176,10.954580187815921,29.50440344098861,0.3635499385146302,0.3635499385146302,0.33664063622544554,False,False
VLP_100_06_14_0001.dm3,955.2722222222222,427.7861111111111,12.557474345256312,10.704744696916627,29.90042015023123,0.3397243875330446,0.3397243875330446,0.04563404035713857,True,False
VLP_100_06_14_0001.dm3,965.6306818181819,329.38352272727275,12.417162965470995,10.585134856802455,29.567406149308514,0.29861133799946377,0.29861133799946377,0.06760245901342268,True,False
VLP_100_06_14_0001.dm3,963.0794117647059,969.3352941176471,12.203671471323924,10.403141895720198,29.497088934062354,0.26416952140291095,0.26416952140291095,0.07511565157216644,True,False
VLP_100_06_14_0001.dm3,994.9357798165138,233.56880733944953,11.968092179681694,10.202319970580199,29.742201860196676,0.336616098436347,0.336616098436347,0.03534797566467096,True,False
VLP_100_06_14_0001.dm3,996.0890410958904,159.263698630137,11.309475781651834,9.640875829802336,27.784204637580125,0.29999922881424373,0.29999922881424373,0.01903352535789975,True,False
VLP_100_06_14_0001.dm3,1003.4175084175084,380.04713804713805,11.405892494395632,9.72306722164286,,,,,False,False
VLP_100_06_14_0001.dm3,1016.0398671096345,645.6079734219269,11.482442967594642,9.788323438736636,,,,,False,False
